ID,SMILES,Name
1,Nc1cccc(C#Cc2cccc(C(=O)O)c2)c1,EN300-27576
2,C#CC[C@@H](N)C(=O)O,EN300-100145
3,CC#CCC(N)C(=O)O,EN300-137840
4,CC#CCC(N)C(=O)O,EN300-151741
5,NCCCC#CC(=O)O,EN300-787395
6,NCCC#CC(=O)O,EN300-333460
7,C#CCC(C)(N)C(=O)O,EN300-37400163
8,C#CCC[C@@H](N)C(=O)O,EN300-1297694
9,NC(Cc1ccc(C#Cc2ccccc2)cc1)C(=O)O,EN300-37433158
10,NC1(C#CC(=O)O)CC1,EN300-7536969
11,C#CCCCC(N)C(=O)O,EN300-6480561
12,NCC#Cc1cncc(C(=O)O)c1,EN300-26983542
13,CC(C)(C)C#CC[C@H](N)C(=O)O,EN300-37337564
14,CC(C)(N)C#CC(=O)O,EN300-26621358
15,N[C@H](Cc1ccc(C#Cc2ccccc2)cc1)C(=O)O,EN300-37464907
16,C#CC1CC(N)(C(=O)O)C1,EN300-27149667
17,C#Cc1cc(N)cc(C(=O)O)c1,EN300-27695900
18,Nc1cccc(C#CC(=O)O)c1,EN300-27778661
19,C#CCCCCCC(N)C(=O)O,EN300-27746115
20,CC(N)C#CC(=O)O,EN300-1696662
21,C#CC[C@H](N)C(=O)O,EN300-66130
22,C#CCC[C@H](N)C(=O)O,EN300-6732381
23,C#CC[C@@H](N)C(=O)N[C@H](C)C(=O)O,EN300-37374442
24,C#CCCC(N)C(=O)O,EN300-1605059
25,C#CC[C@@H](N)CC(=O)O,EN300-7361094
26,C#CCC[C@@H](N)C(=O)O,EN300-43360265
27,C#C[C@@H]1C[C@]1(N)C(=O)O,EN300-46619295
28,CC#CCC[C@H](N)C(=O)O,EN300-46561812
29,CC#CCC[C@@H](N)C(=O)O,EN300-46745374
30,CC#CCCC(N)C(=O)O,EN300-46621747
31,C#CCCC[C@H](N)C(=O)O,EN300-33231243
32,C#CCO[C@H](C)[C@H](N)C(=O)O,EN300-47320272
33,C#CCCC1(CC[C@H](N)C(=O)O)N=N1,EN300-46407561
34,C#Cc1cccc(C[C@H](N)C(=O)O)c1,EN300-52288215
35,C#CCNC(=O)C(C)SCC(N)C(=O)O,EN300-54418
36,NCC#CC(=O)O,EN300-153299
37,C#CCC(N)C(=O)O,EN300-108370
38,C#Cc1cc(N)cc(OCC(=O)O)c1,EN300-46822502
39,C#Cc1ccc(C[C@H](N)C(=O)O)cc1,EN300-18980875
40,C#CC(N)CCC(=O)O,EN300-7651261
41,C#CC[C@H](N)C(=O)N[C@@H](C)C(=O)O,EN300-52770020
43,CC(C)(O)CC(N)C(=O)[O-],EN300-156619
44,Nc1ccc(C(=O)[O-])c(O)c1,EN300-1265444
45,NCC(O)CCC(=O)[O-],EN300-1718717
46,Nc1ccc(C(=O)[O-])c(O)c1,EN300-384272
47,Cc1cc(C)c2c(N)c(C(=O)O)sc2n1,EN300-11690
48,N[C@H](CCO)C(=O)O,EN300-50993
49,Nc1c(C(=O)O)cc(F)cc1[N+](=O)[O-],EN300-49968
50,Cc1ccc(N)c(C(=O)O)c1,EN300-30694
51,Nc1cccc(CC(=O)O)c1,EN300-69343
52,NC(CC(=O)O)c1cccc(Br)c1,EN300-04944
53,Cc1nsc(N)c1C(=O)O,EN300-14305
54,Cc1cc(C)c(N)c(C(=O)O)c1,EN300-62059
55,Nc1ccc(C(=O)O)cc1F,EN300-52713
56,NC1(C(=O)O)CCCC1,EN300-39470
57,NC(CC(=O)O)c1ccccc1,EN300-13591
58,Cc1cccc(N)c1C(=O)O,EN300-73400
59,Cc1cccc(C(=O)O)c1N,EN300-18897
61,Nc1nc2ccc(C(=O)O)cc2s1,EN300-00921
62,Cc1cc(Br)c(N)c(C(=O)O)c1,EN300-80722
63,COc1ccc(C(N)CC(=O)O)cc1,EN300-22836
64,Cc1nc2nc(N)nn2c(C)c1CCC(=O)O,EN300-13764
65,N#Cc1cc(C(=O)O)c(N)[nH]c1=O,EN300-14373
66,COc1ccccc1NS(=O)(=O)c1ccc(N)c(C(=O)O)c1,EN300-00623
67,NCCc1ccc(C(=O)O)cc1,EN300-14551
68,Nc1ccc(-c2ccccc2)cc1C(=O)O,EN300-40002
69,COc1ccc(C(=O)O)cc1N,EN300-49208
70,CCOc1cc(C(=O)O)c(N)cc1OC,EN300-14154
71,NC(C(=O)O)c1ccccc1F,EN300-70283
72,Nc1ccc(C(=O)O)cc1Br,EN300-31121
73,NC(CC(=O)O)c1cccc(O)c1,EN300-33443
74,Nc1ccc(N2CCOCC2)cc1C(=O)O,EN300-15326
75,NC(CC(=O)O)c1ccccc1F,EN300-31480
76,NC(C(=O)O)c1cccc(F)c1,EN300-70164
77,CC1CCC(N)(C(=O)O)CC1,EN300-39472
78,COc1cc(C(C)N)ccc1OCC(=O)O,EN300-39152
79,Nc1cccc(-n2ccc(C(=O)O)n2)c1,EN300-39912
80,Nc1c(C(=O)O)cnc2ccccc12,EN300-39148
81,NC(C(=O)O)c1cccc(Oc2ccccc2)c1,EN300-37284
82,Nc1c(Br)cccc1C(=O)O,EN300-42205
85,CC(C)(C)C1CCC(N)(C(=O)O)CC1,EN300-43142
86,Nc1cc(C(=O)O)c(F)cc1F,EN300-42065
87,CCCSCC(N)C(=O)O,EN300-42918
88,Nc1c(C(=O)O)cc([N+](=O)[O-])cc1[N+](=O)[O-],EN300-54862
89,NC(Cc1ccccc1)(Cc1ccccc1)C(=O)O,EN300-54378
90,Nc1cc(C(=O)O)cc(Cl)n1,EN300-61637
91,Cc1c(Cl)ccc(C(=O)O)c1N,EN300-53633
92,Cc1ccc(F)c(C(=O)O)c1N,EN300-60010
93,CC(C)c1cccc(C(=O)O)c1N,EN300-53267
94,Nc1nonc1C(=O)O,EN300-55717
95,Cc1nn(C)c(C)c1C(N)C(=O)O,EN300-53777
96,Nc1c(F)cc(Br)cc1C(=O)O,EN300-75849
97,NC(C(=O)O)c1cccc(Br)c1,EN300-59829
98,Cc1ccc(C(N)C(=O)O)cc1,EN300-70125
99,NC(C(=O)O)c1ccc(Cl)c(Cl)c1,EN300-88023
100,Nc1cc(C(=O)O)ccc1N1CCSCC1,EN300-61357
101,NC(C(=O)O)c1ccc(F)cc1F,EN300-88022
102,Cc1cc(C)c(C(=O)O)c(N)c1,EN300-65902
103,Nc1c(F)ccc(Cl)c1C(=O)O,EN300-65909
104,Cc1ccccc1C(N)CC(=O)O,EN300-68315
105,Cc1cc(C(=O)O)c(N)c([N+](=O)[O-])c1,EN300-67284
106,Cn1nc(Br)c(C(=O)NCC(=O)O)c1N,EN300-68568
107,NC(CC(F)F)C(=O)O,EN300-65387
108,Nc1c(F)ccc(Br)c1C(=O)O,EN300-64339
109,Cc1cc2c[nH]nc2c(C(=O)O)c1N,EN300-62359
110,Cc1ccc(N)cc1C(=O)O,EN300-71984
111,COc1cc(CC(N)C(=O)O)cc(OC)c1,EN300-72264
112,NC(C(=O)O)c1cccc(Cl)c1,EN300-70098
113,Nc1cccc(CC(=O)O)c1,EN300-72807
114,N[C@@H](CC(=O)O)c1ccc2c(c1)OCO2,EN300-70190
115,Nc1cc(C(=O)O)ccc1Oc1ccc(Cl)cc1,EN300-66561
116,Nc1nc(C(=O)O)cs1,EN300-65928
117,CN1CCN(c2ccc(N)c(C(=O)O)c2)CC1,EN300-71651
119,Cn1nc(C(=O)O)cc1N,EN300-92610
120,NC1(C(=O)O)CCOC1,EN300-75038
121,Nc1sc2c(c1C(=O)O)CCC2,EN300-74485
122,NC1(C(=O)O)CCCCc2ccccc21,EN300-76744
123,CCC(C)n1nc(N)cc1C(=O)O,EN300-92598
124,Cc1cc(N)nn1C(C)C(=O)O,EN300-92660
125,Cc1cc(Cl)c(N)c(C(=O)O)c1,EN300-79026
126,Nc1c(Br)ccc(Br)c1C(=O)O,EN300-77747
127,Nc1c(Br)cc(Cl)cc1C(=O)O,EN300-80571
128,CC(C)(C(=O)O)c1ccc(N)cc1,EN300-82328
129,Nc1c(C(=O)O)nnn1Cc1ccccc1,EN300-82311
130,Cc1cnn(-c2cc(C(=O)O)c(N)cc2F)c1,EN300-80902
131,Nc1nc2c(cc1C(=O)O)CCCC2,EN300-92125
132,CC(C)(C)Oc1cc(C(=O)O)c(N)cc1F,EN300-90262
133,CC(N)(C(=O)O)C(F)(F)F,EN300-79079
134,NC(Cc1ccc(OC(F)F)cc1)C(=O)O,EN300-88540
135,NC(CC(=O)O)C1CC1,EN300-88396
136,NC(C(=O)O)C1CCCCC1,EN300-51752
137,Cc1c(Br)ccc(C(=O)O)c1N,EN300-93107
138,Cc1n[nH]c(SCC(=O)O)c1N,EN300-92466
139,CCOc1ccc(F)c(C(=O)O)c1N,EN300-83971
140,NC(CC(=O)O)c1ccc(F)cc1F,EN300-84663
141,CC(C)(C(=O)O)n1cc(N)cn1,EN300-92553
142,CC1(C)COCCN1c1cc(C(=O)O)c(N)cc1F,EN300-81921
143,Nc1ccc(Oc2ccc(Cl)cc2)cc1C(=O)O,EN300-88383
144,Nc1cc(C(=O)O)cc2cccnc12,EN300-90078
146,COc1cc(C(=O)O)cc(N)c1OC,EN300-96050
147,N[C@H](Cc1cccnc1)C(=O)O,EN300-94620
148,NC1CCCN(c2cc(C(=O)O)ccn2)C1,EN300-93951
149,Cc1cc(OCc2ccc(C(=O)O)o2)ccc1N,EN300-92436
150,Nc1ccc(OCc2ccc(C(=O)O)o2)cc1,EN300-92455
151,N[C@@H](Cc1cccnc1)C(=O)O,EN300-94617
152,Cc1cn(CC(=O)O)nc1N,EN300-92493
153,Nc1cc(Cl)cc(C(=O)O)c1F,EN300-96017
154,COc1cc(Cl)cc(C(=O)O)c1N,EN300-93499
155,COc1ccc(C(=O)O)c(N)c1F,EN300-93510
156,Cc1cc(N)nn1Cc1cccc(C(=O)O)c1,EN300-92801
157,COc1ccccc1CSCC(N)C(=O)O,EN300-100398
158,CC(N)(C(=O)O)c1ccccc1Cl,EN300-97825
159,Nc1ccc(Br)c(C(=O)O)n1,EN300-101384
160,Nc1cc(C(=O)O)ccc1I,EN300-101565
161,NC(Cc1cccc(Cl)c1)C(=O)O,EN300-101573
162,COc1ccc(Br)cc1C(N)C(=O)O,EN300-102574
163,Nc1ccc(OC(F)F)c(C(=O)O)c1,EN300-73215
164,N[C@@H](CC(=O)O)c1ccc(Br)cc1,EN300-67205
165,Cc1nnnn1-c1cc(N)ccc1C(=O)O,EN300-84543
166,NCc1cc(C(=O)O)no1,EN300-61908
167,CC(N)CCC(=O)O,EN300-81918
168,NCC(Cc1ccc(-c2ccccc2)cc1)C(=O)O,EN300-79353
169,CC(C)c1ccc(C(N)CC(=O)O)cc1,EN300-90490
170,NC(Cc1c[nH]c2ncccc12)C(=O)O,EN300-107920
171,Cc1nc(N)nc(C)c1C(=O)O,EN300-108587
172,COCCCC(N)C(=O)O,EN300-109070
173,CC(C)=CCSCC(N)C(=O)O,EN300-83768
174,N[C@@H](C(=O)O)c1ccc(O)cc1,EN300-105272
175,Nc1ccc(C(=O)O)c(C(F)(F)F)c1,EN300-105577
176,Nc1cnc(Cl)c(C(=O)O)c1,EN300-106551
177,COc1cccc(C(N)C(=O)O)c1,EN300-70701
178,CC(CCN)CC(=O)O,EN300-111947
179,NCCSCC(=O)O,EN300-103254
180,NC(Cc1csc(-c2ccccc2Cl)n1)C(=O)O,EN300-100600
181,CCc1nc(N)sc1C(=O)O,EN300-115407
182,Nc1c(Cl)cccc1C(=O)O,EN300-23804
183,Nc1ccc(N2CCSCC2)c(C(=O)O)c1,EN300-61344
184,NC(CC1CCCCO1)C(=O)O,EN300-114945
185,N[C@H](C(=O)O)c1ccccc1,EN300-60938
186,Nc1ccccc1CC(=O)O,EN300-64160
187,COc1ccc2c(c1)CCCC2(N)C(=O)O,EN300-74329
188,Cn1cc(CC(N)C(=O)O)cn1,EN300-75690
189,N[C@H](CC(=O)O)c1ccccc1,EN300-70588
190,CC(C)(N)CCC(=O)O,EN300-56871
191,N[C@@H](CC(=O)O)c1ccccc1,EN300-68310
192,Cc1nonc1CC(N)C(=O)O,EN300-54692
193,Nc1c(I)cccc1C(=O)O,EN300-52875
194,N#Cc1cc(C(=O)Nc2ccccc2)c(N)nc1SCC(=O)O,EN300-12709
195,Nc1nc2ccc(C(=O)O)cc2s1,EN300-35251
196,Nc1cc2c(cc1C(=O)O)OCCO2,EN300-12569
197,Nc1c(C(=O)O)ccc(Cl)c1Cl,EN300-43989
198,Nc1cc(C(=O)O)cs1,EN300-114866
199,Nc1c(C(=O)O)ccc2cccnc12,EN300-69168
200,Nc1ncc(Br)cc1C(=O)O,EN300-113866
201,Nc1c(C(=O)NCC(=O)O)cnn1-c1ccccc1,EN300-26155
202,Cc1cc(C)c2c(N)c(C(=O)[O-])sc2n1,EN300-26372
203,NC(C(=O)O)C(O)C(F)(F)F,EN300-27805
204,CC(C)[C@@H](N)C(=O)O,EN300-54608
205,Nc1cc(F)c([N+](=O)[O-])cc1C(=O)O,EN300-65911
206,Nc1ccc(C(=O)O)c(F)c1,EN300-101502
207,CCCCCCC(C)(N)C(=O)O,EN300-71335
208,Nc1cc([N+](=O)[O-])ccc1C(=O)O,EN300-17254
209,Nc1cc(C(=O)O)cc([N+](=O)[O-])c1,EN300-77888
210,N[C@H](Cc1cccs1)C(=O)O,EN300-77292
211,CC(N)(C(=O)O)C1CC1,EN300-82618
212,Nc1c(C(=O)O)ccnc1Cl,EN300-114788
213,COc1cc(C(=O)O)c(N)cc1OC(F)F,EN300-40922
214,N[C@H]1C[C@@H](C(=O)O)C1,EN300-36999
215,Nc1cc(F)c(Oc2ccc(F)cc2)cc1C(=O)O,EN300-83843
216,Nc1ncc(C(=O)O)cc1Cl,EN300-60072
217,Nc1ccc(-n2ccc(C(=O)O)n2)cc1,EN300-54439
218,Nc1ccn(Cc2ccc(C(=O)O)cc2)n1,EN300-92774
219,NC1C=CC(C(=O)O)C1,EN300-100170
220,NC(Cc1cc(Cl)cc(Cl)c1)C(=O)O,EN300-107684
221,NC(CSCCc1ccccc1)C(=O)O,EN300-100275
222,Nc1nc(CCCC(=O)O)cs1,EN300-104508
223,Nc1cc(C(=O)O)ccc1OCC(F)F,EN300-92426
224,Nc1ncn(Cc2cccc(C(=O)O)c2)n1,EN300-92696
226,Cc1nn(Cc2ccc(C(=O)O)cc2)c(C)c1N,EN300-92666
227,COc1cc(N)c(C(=O)O)cc1S(C)(=O)=O,EN300-89685
228,Nc1nc2c(cc1C(=O)O)CCC2,EN300-84860
229,NCC(CC1CCCC1)C(=O)O,EN300-78537
230,CC(C)(N)C(=O)NC(C(=O)O)c1ccccc1,EN300-81726
231,NC(C(=O)O)c1cccc(Cl)c1,EN300-122864
232,NC1(CC(=O)O)CC1,EN300-125030
233,NCc1ccc(C(=O)O)c(C2CC2)n1,EN300-126662
234,N[C@@H](Cc1ccccc1[N+](=O)[O-])C(=O)O,EN300-106342
235,Nc1ccc(N2CCc3ccccc32)cc1C(=O)O,EN300-121008
236,CCOc1ccccc1C(N)(C(=O)O)C(F)(F)F,EN300-124732
237,Nc1ccc(C(=O)O)nc1Cl,EN300-125122
238,CC1(C(=O)O)CCCC1N,EN300-120751
239,NC(CC(=O)O)c1cnn(-c2ccccc2)c1,EN300-121093
240,NC1(C(=O)O)CCc2c(F)cccc21,EN300-122942
241,COc1cc(N)c(C(=O)O)c(Br)c1,EN300-123203
242,Nc1cc(C(=O)O)ccc1OC(F)F,EN300-123201
243,CN(CCN)CC(=O)O,EN300-121884
244,Nc1nc(O)c(Cl)nc1C(=O)O,EN300-121848
245,CC(N)CCCC(=O)O,EN300-121299
246,CC(C)C(N)CC(=O)O,EN300-123624
247,CCC(N)(C(=O)O)C(F)(F)F,EN300-124225
248,CC(C)(C)OC(=O)N[C@@H](CCCCN)C(=O)O,EN300-125460
249,Cc1nc(CN)ccc1C(=O)O,EN300-121937
250,NC(Cc1c[nH]c2ccc([N+](=O)[O-])cc12)C(=O)O,EN300-117948
251,Nc1cc(C(=O)O)ccc1-n1cnnc1,EN300-117212
252,CCCCC(N)C(O)C(=O)O,EN300-127223
253,CC(C)(C)c1cc(N)n(CC(=O)O)n1,EN300-116709
254,NC(CN1CCCCC1)C(=O)O,EN300-119192
255,Cc1nc(N)c(CC(=O)O)c(=O)[nH]1,EN300-117387
256,CC(CN)CCC(=O)O,EN300-120070
257,NCC(Oc1ccc(F)cc1)C(=O)O,EN300-117160
258,Nc1nc(C2CC2)c(C(=O)O)s1,EN300-119892
259,CC(CCCN)C(=O)O,EN300-119566
260,Nc1ccc(CCC(=O)O)cn1,EN300-104600
261,Nc1cccc([N+](=O)[O-])c1C(=O)O,EN300-93139
262,NC(Cc1ccc(F)cc1)C(=O)O,EN300-117230
263,CC(Cc1ccc(N)cc1)C(=O)O,EN300-131874
264,NCCOCC(=O)O,EN300-133893
265,Nc1ncncc1C(=O)O,EN300-136125
266,Nc1cc(C(=O)O)ccc1Cl,EN300-20481
267,Nc1cccc(I)c1C(=O)O,EN300-125492
268,NC(Cc1ccco1)C(=O)O,EN300-128458
269,CC(N)CC(=O)O,EN300-23041
270,CC(=O)Nc1ccc(N)c(C(=O)O)c1,EN300-24426
271,Cc1c(N)cccc1C(=O)O,EN300-66499
272,CC1(C)COC(C)(c2cc(N)ccc2C(=O)O)OC1,EN300-130918
273,Nc1ccc(CCC(=O)O)nc1,EN300-131776
274,Nc1nc(C(=O)O)n[nH]1,EN300-33966
275,Nc1cc2ccccc2cc1C(=O)O,EN300-17260
276,NCCCCCCC(=O)O,EN300-17159
277,NC1CCN(CCCCC(=O)O)CC1,EN300-137185
278,NCC(=O)O,EN300-19731
279,NC(CN1CCOCC1)C(=O)O,EN300-137381
280,Nc1ccc(I)cc1C(=O)O,EN300-16673
281,Cc1ccc(Br)c(C(=O)O)c1N,EN300-136945
282,C[C@H](N)C(=O)O,EN300-52621
283,Cc1cc(C)c(C(=O)O)cc1N,EN300-60660
284,NC(C(=O)O)C(O)c1ccccc1,EN300-132898
285,Nc1cccc(C(=O)O)c1O,EN300-111719
286,Nc1c(C(=O)O)sc2ncccc12,EN300-130474
287,Cc1cc(C(=O)O)c(N)cc1F,EN300-129928
288,NC(C(=O)O)c1ccccc1,EN300-22835
289,NC(C(=O)O)c1ccc2ccccc2c1,EN300-130456
290,NC(Cn1cc(Cl)cn1)C(=O)O,EN300-132992
291,NC1CCN(CCCC(=O)O)CC1,EN300-136479
292,Cc1cc(N)nn1CC(=O)O,EN300-155202
293,CC(C)(C(=O)O)n1cc(N)cn1,EN300-155204
294,Nc1cnn(CCC(=O)O)c1,EN300-155205
295,NC1(C(=O)O)CCCCC1,EN300-17792
296,NC[C@H]1CC[C@H](C(=O)O)CC1,EN300-121703
297,Cc1cc(C)cc(C(N)C(=O)O)c1,EN300-137947
298,Nc1nccnc1C(=O)O,EN300-16898
299,Nc1c(C(=O)O)[nH]c(=O)[nH]c1=O,EN300-19511
300,NC(Cc1cc2ccccc2o1)C(=O)O,EN300-141755
301,NCCCCCCCCCCC(=O)O,EN300-116808
302,Cn1nc(C(=O)O)cc1N,EN300-155203
303,NC1(C(=O)O)COC1,EN300-156432
304,Cc1nn(CC(N)C(=O)O)c(C)c1C,EN300-153100
305,CC(C)(N)CC(=O)O,EN300-77349
306,CCSc1nc(N)cc(C(=O)O)n1,EN300-139121
307,Nc1cc(O)c([N+](=O)[O-])cc1C(=O)O,EN300-140116
308,C=CCCC(N)C(=O)O,EN300-139499
309,NC(C(=O)O)c1cccnc1,EN300-58785
310,CC(ON)C(=O)O,EN300-139873
311,N[C@H](CC(=O)O)c1ccccc1,EN300-70533
312,NCCCCCCCC(=O)O,EN300-96214
313,C=CC[C@@H](N)C(=O)O,EN300-102381
314,NC(Cc1cccc(Cl)c1)C(=O)O,EN300-147660
315,NC(C(=O)O)C1CC1,EN300-64970
316,COCC(N)C(=O)O,EN300-111664
317,NC1(C(F)(F)F)CC2(CC(C(=O)O)C2)C1,EN300-146249
318,NC1(C(=O)O)CCC(c2ccccc2)CC1,EN300-72408
319,NC(CC(F)(F)F)C(=O)O,EN300-132571
320,NC(C(=O)O)C1CCOC2(CCC2)C1,EN300-156366
321,CC(CC(C)(C)N)C(=O)O,EN300-156239
322,NC1(C(=O)O)Cc2ccccc2C1,EN300-157300
323,CCOC1CC(N)(C(=O)O)C1(C)C,EN300-157487
324,NC(c1ccccc1)C(Cc1ccccc1)C(=O)O,EN300-157544
325,Nc1nccc(C(F)(F)F)c1C(=O)O,EN300-135200
326,NC1(CC(=O)O)CCc2ccccc2C1,EN300-157861
327,COc1ccc(Br)c(N)c1C(=O)O,EN300-170665
328,NCCCC(Cc1ccccc1)C(=O)O,EN300-175151
329,Nc1c(Br)cccc1CC(=O)O,EN300-156801
330,NC(C(=O)O)C(O)Cc1ccccc1,EN300-184455
331,Nc1c(Cl)cc(F)cc1C(=O)O,EN300-126184
332,NC(CC1CCCCC1)C(=O)O,EN300-177746
333,CC(CN)(Cc1ccccc1)C(=O)O,EN300-177975
334,Nc1c(F)cc(C(=O)O)cc1F,EN300-98413
335,CC(C)=CSCC(N)C(=O)O,EN300-182576
336,Nc1c(Br)cc(C(=O)O)cc1Br,EN300-105793
337,Nc1nnc(CCC(=O)O)[nH]1,EN300-182955
338,COc1cc(N)c([N+](=O)[O-])cc1C(=O)O,EN300-133638
339,Nc1ccc(C(=O)O)c(O)c1Cl,EN300-177150
340,Nc1cc(C(=O)O)ccc1O,EN300-24391
341,COc1c(Cl)ccc(C(=O)O)c1N,EN300-179764
342,CC(C)CC(CN)C(=O)O,EN300-192600
343,COc1ccc(C(N)CC(=O)O)cc1O,EN300-186700
344,N[C@@H](Cc1ccc(O)c([N+](=O)[O-])c1)C(=O)O,EN300-187667
345,Nc1cc(CC(=O)O)ccc1[N+](=O)[O-],EN300-188867
347,COc1cccc(CC(N)C(=O)O)c1O,EN300-173093
348,Nc1c(C(=O)O)cnn1-c1ccccc1F,EN300-143677
349,NCc1cc(C(=O)O)ccn1,EN300-190800
350,NC1(CC(=O)O)CCCCC1,EN300-191481
351,Nc1nc(C(=O)O)c(-c2cccc(F)c2)s1,EN300-186605
352,Nc1c(C(=O)O)cnn1-c1cc(F)cc(F)c1,EN300-186617
353,Nc1c(C(=O)O)cnn1-c1ccc(F)cc1F,EN300-186624
354,CC(N)(C(=O)O)c1cc(Br)ccc1F,EN300-195764
355,Nc1c(C(=O)O)ccnc1-c1ccccc1,EN300-194899
356,CC[C@@H](C)[C@H](N)C(=O)O,EN300-99057
357,Cc1c(CC(N)C(=O)O)ccc(O)c1O,EN300-192819
358,NC1(CC(=O)O)CCOCC1,EN300-149700
359,CC(C)c1sc(N)nc1C(=O)O,EN300-175379
360,COc1ccc2c(c1)CCCC2(N)C(=O)O,EN300-199467
361,CSCC(N)C(=O)O,EN300-49161
362,Nc1ccccc1Sc1ccccc1C(=O)O,EN300-200869
363,CCC(N)(CC)C(=O)O,EN300-202585
364,NC1(C(=O)O)CCS(=O)(=O)C1,EN300-205770
365,CC1(C)CCC(N)(C(=O)O)CC1,EN300-197575
366,CC(C)C(ON)C(=O)O,EN300-206507
367,Nc1ccccc1CCCC(=O)O,EN300-198131
368,COCC(N)(C(=O)O)c1ccccc1,EN300-202197
369,Nc1ccccc1S(=O)(=O)NCC(=O)O,EN300-201550
370,Nc1cc(F)c(C(=O)O)cc1[N+](=O)[O-],EN300-132578
371,CC(C)Oc1c(N)cccc1C(=O)O,EN300-198435
372,CC(N)(CCc1ccc(O)cc1)C(=O)O,EN300-198237
373,Cc1c(Br)cc(N)cc1C(=O)O,EN300-204727
374,Nc1ccc(Cl)cc1C(=O)Nc1ccccc1C(=O)O,EN300-211207
375,NC1C2CC3CC1CC(C(=O)O)(C3)C2,EN300-211272
376,NC1(C(=O)O)CCS(=O)(=O)C1,EN300-205771
377,CC(C)(C)CCC(C)(N)C(=O)O,EN300-205780
378,C=CCC(NC(=O)C(N)Cc1ccccc1)C(=O)O,EN300-207993
379,N[C@@H](CC1CC1)C(=O)O,EN300-206597
380,NCC1(C(=O)O)CCC1,EN300-206915
381,COc1cc(N)c(C(=O)O)cc1Br,EN300-129943
382,C[C@@H](OC(C)(C)C)[C@H](N)C(=O)O,EN300-199900
383,COc1ccc(N)c(C(=O)O)c1,EN300-209327
384,NC1CCN(c2ccc(C(=O)O)cn2)CC1,EN300-209485
385,NC1(CC(=O)O)CCN(Cc2ccccc2)CC1,EN300-196548
386,NC(C(=O)O)c1ccc2ccccc2c1,EN300-204199
387,Nc1ncc(C(=O)O)c(O)n1,EN300-192460
388,N[C@H](C(=O)O)c1ccc(O)cc1,EN300-198950
389,NCCc1ccc(C(=O)O)cc1O,EN300-216857
390,N[C@@H](Cc1ccc(O)c(Br)c1)C(=O)O,EN300-215162
391,COCC(C)(C)C(N)C(=O)O,EN300-206500
392,NCC1CCCC(C(=O)O)C1,EN300-209232
393,NCCc1nc2cc(C(=O)O)ccc2[nH]1,EN300-214697
394,NCc1nc2cc(C(=O)O)ccc2[nH]1,EN300-217073
395,NCC1(C(=O)O)CC1,EN300-140248
396,Nc1cc(F)c(Cl)cc1C(=O)O,EN300-129945
397,CCOC[C@@H](N)C(=O)O,EN300-218447
398,Cc1cc(N)c(F)c(C(=O)O)c1F,EN300-220718
399,COC1(C(N)C(=O)O)CCC1,EN300-217938
400,CN(C)CCC(N)C(=O)O,EN300-220141
401,Nc1nc(CCC(=O)O)cs1,EN300-72196
402,Nc1cc(Cl)cc(Cl)c1C(=O)O,EN300-126132
403,Nc1nc(C(=O)O)nc(N2CCOCC2)n1,EN300-214254
404,Nc1nccc2cc(C(=O)O)ccc12,EN300-221676
405,Nc1cc(-c2ccccc2)nn1CC(=O)O,EN300-222587
406,Nc1nc(C(=O)O)c(C(F)(F)F)s1,EN300-217307
407,Nc1c(Br)cc(F)cc1C(=O)O,EN300-65901
408,Cc1c(N)cncc1C(=O)O,EN300-124507
409,Cc1ccccc1C(N)C(=O)O,EN300-223309
410,NC1CCCCC1CCC(=O)O,EN300-226702
411,N[C@@H]1CCCC[C@@H]1C(=O)O,EN300-226497
412,Cc1cc(C(F)F)nc2sc(C(=O)O)c(N)c12,EN300-231199
413,Cn1nc(C(=O)O)c2c(-c3cccc(N)c3)ccnc21,EN300-232824
414,COC(=O)C[C@@H](N)C(=O)O,EN300-222542
415,NCCSc1ccccc1C(=O)O,EN300-237481
416,Nc1cc(Br)c(F)cc1C(=O)O,EN300-192860
417,Nc1ccn(CC(=O)O)n1,EN300-143044
418,Cc1cc(Cl)c(C(=O)O)cc1N,EN300-203074
419,Nc1ncnc2cc(C(=O)O)ccc12,EN300-221596
420,Nc1ccn(CCC(=O)O)n1,EN300-229448
421,Nc1nn(CCC(=O)O)cc1Cl,EN300-229449
422,CCn1cc(C(=O)O)c(N)n1,EN300-233053
423,CC(N)(C(=O)O)C1CCOCC1,EN300-225020
424,NC(Cc1ccccc1Br)C(=O)O,EN300-225067
425,CCC(C(=O)O)n1nc(N)cc1C,EN300-233230
426,CC(N)(C(=O)O)c1ccc(Br)cc1,EN300-79525
427,CCC(N)CCC(=O)O,EN300-243357
428,Nc1c(F)cccc1C(=O)O,EN300-56009
429,NCC(Cc1ccccn1)C(=O)O,EN300-70802
430,COc1cccc(CC(CN)C(=O)O)c1,EN300-233777
431,COc1ccccc1C(N)C(=O)O,EN300-70393
432,Cc1cc(F)cc(C(=O)O)c1N,EN300-59603
433,N#Cc1cnn(-c2ccc(C(=O)O)cc2)c1N,EN300-50528
434,Nc1cccc(C(=O)O)c1F,EN300-103381
435,NC1(C(=O)O)CCS(=O)(=O)CC1,EN300-104482
436,Nc1cc(C(=O)O)ccc1-n1cncn1,EN300-225277
437,CCC(CN)CC(=O)O,EN300-109805
438,Nc1ncc([N+](=O)[O-])cc1C(=O)O,EN300-125584
439,Nc1ccc(C(=O)O)c(I)c1,EN300-89476
440,NC(C(=O)O)C1CCOCC1,EN300-69837
441,Nc1ccccc1OCc1ccc(C(=O)O)o1,EN300-92445
442,CCC(N)(CC)C(=O)O,EN300-91958
443,CS(=O)(=O)c1cc(N)cc(C(=O)O)c1,EN300-98571
444,CCC(CCN)C(=O)O,EN300-244616
445,Nc1cn(CC(=O)O)nc1C(F)(F)F,EN300-245906
446,NOCC(=O)O,EN300-18811
447,CC(C)C[C@H](CNC(=O)C(N)C(C)C)CC(=O)O,EN300-245271
448,CCC(C)C(N)C(=O)NC[C@H](CC(=O)O)CC(C)C,EN300-245921
449,NCc1cc(C(=O)O)ccn1,EN300-190859
450,Nc1ccc(C(=O)O)cc1-n1ccnc1,EN300-246451
451,COC1(C(N)C(=O)O)CCC1,EN300-222782
452,NCC1CCCC1C(=O)O,EN300-222991
453,Nc1ccc(Cl)cc1C(=O)O,EN300-20971
454,CC(N)(C(=O)O)c1ccc(S(C)(=O)=O)cc1,EN300-194485
455,C[C@@](N)(C(=O)O)c1ccccc1,EN300-127462
456,Nc1ccnc(C(=O)O)c1Cl,EN300-213429
457,CCCCCCC[C@@H](N)CC(=O)O,EN300-198943
458,Nc1c(Br)cc(Br)cc1C(=O)O,EN300-21673
459,Nc1ccc2c(C(=O)O)c[nH]c(=O)c2c1,EN300-185412
460,N[C@@H](Cc1ccccc1Cl)C(=O)O,EN300-199896
461,Nc1cc(F)ccc1C(=O)O,EN300-21729
462,NC1(CC(=O)O)CCSCC1,EN300-186718
463,NC(CC(=O)O)c1cc(Cl)cc(Cl)c1,EN300-129949
464,CC(N)(C(=O)O)C(F)(F)F,EN300-90127
465,NCC1(C(=O)O)CCc2ccccc21,EN300-123720
466,Cn1ncc(N)c1C(=O)O,EN300-124195
467,NCC1(C(=O)O)CCCC1,EN300-124314
468,Nc1cc2c(cc1C(=O)O)OCCCO2,EN300-13860
469,Nc1nc(C(=O)O)ccc1O,EN300-140784
470,Cn1nc(N)cc1C(=O)O,EN300-141563
472,NCC(F)(F)CC(=O)O,EN300-89783
473,NC(CC(=O)O)c1cccc(C(F)(F)F)c1,EN300-81559
474,NCc1cnc(C(=O)O)cn1,EN300-20878455
475,N[C@@H](Cc1ccccn1)C(=O)O,EN300-77282
476,Nc1ccn(Cc2ccc(C(=O)O)s2)n1,EN300-92464
477,Nc1c(C(=O)O)ccc(Cl)c1Br,EN300-225542
478,Nc1nccc(C(=O)O)n1,EN300-116465
479,Cc1nn(Cc2cccc(C(=O)O)c2)c(C)c1N,EN300-92683
480,CCn1nc(N)cc1C(=O)O,EN300-92728
481,N[C@H]1C[C@H](C(=O)O)C1,EN300-71856
482,COCCC(N)C(=O)O,EN300-62236
483,Cc1ccc([C@@H](N)CC(=O)O)o1,EN300-72565
484,CCCC(CN)C(=O)O,EN300-72924
485,CCc1cccc(C(=O)O)c1N,EN300-63920
486,NC1(C(=O)O)CC(c2ccccc2)C1,EN300-89725
487,CC(N)(C(=O)O)C1CC1,EN300-39471
488,Nc1ccc2sc(C(=O)O)cc2c1,EN300-40113
489,CC(C)(C)c1ccc(N)c(C(=O)O)c1,EN300-52722
490,Cc1ccc(CC(=O)O)cc1N,EN300-250678
491,CC(C)c1ccc(N)c(C(=O)O)c1,EN300-41628
492,CCCc1ccc(N)c(C(=O)O)c1,EN300-41629
493,NC(CC(=O)O)c1cccs1,EN300-26264
494,NCCCCC(=O)O,EN300-28602
495,CCc1c(C(=O)O)nnn1-c1cccc(N)c1,EN300-43815
496,NC(CC(=O)O)c1ccsc1,EN300-29575
497,COc1cc(N)c(Cl)cc1C(=O)O,EN300-20545
498,NC(Cn1cccn1)C(=O)O,EN300-147175
499,CC(N)(C(=O)O)c1cc(Cl)cc(Cl)c1,EN300-218235
500,Cn1nc(C(=O)O)c2c(-c3ccc(N)cc3)ccnc21,EN300-232825
501,Cc1[nH]c(N)nc(=O)c1CCC(=O)O,EN300-23510
502,NC[C@H]1OCC[C@H]1C(=O)O,EN300-250866
503,CCCC(C)C(N)C(=O)O,EN300-102284
504,NC(CF)CCC(=O)O,EN300-178622
505,NC1(C(=O)O)CCOCC1,EN300-132209
506,N[C@H](CCc1ccccc1)C(=O)O,EN300-144880
507,N[C@@H](CCc1ccccc1)C(=O)O,EN300-98697
508,Cc1nc(N)[nH]c(=O)c1CC(=O)O,EN300-38926
509,NC(C(=O)O)c1cccc(Oc2ccccc2)c1,EN300-41304
510,Nc1c(I)cc(F)cc1C(=O)O,EN300-103511
511,COc1cccc(N)c1C(=O)O,EN300-83930
512,Nc1ccnc(CC(=O)[O-])n1,EN300-247834
513,CC1CCCCC1(N)C(=O)O,EN300-51290
514,Nc1c(C(=O)O)sc2ccccc12,EN300-137706
515,CSc1ccc(CC(N)C(=O)O)cc1,EN300-60021
516,N#Cc1ccc(CC(=O)O)cc1N,EN300-250906
517,NC1(C(=O)O)CCCC1Cc1ccc(Cl)cc1,EN300-250911
518,NCCCCn1cc(C(=O)O)nn1,EN300-124178
519,Nc1ncn(CC(=O)O)n1,EN300-257087
520,NCCCCCCCC(=O)O,EN300-97172
521,CCc1ccc(C(=O)O)cc1N,EN300-97709
522,Cc1nn(Cc2cccc(C(=O)O)c2)c(C)c1N,EN300-255469
523,NC(C(=O)O)c1ccns1,EN300-2994971
524,CC(C)(C(=O)[O-])c1csc(N)n1,EN300-255428
525,CCCn1nc(N)cc1C(=O)O,EN300-255476
526,Cc1c(N)c(C(=O)O)nn1C,EN300-255481
527,Nc1nc2sc(C(=O)O)cc2s1,EN300-255511
528,NCC(O)CC(=O)O,EN300-96299
529,CSCC[C@H](N)C(=O)O,EN300-52631
530,NC1CCCC(C(=O)O)C1,EN300-62261
531,NCCCCCC(=O)NCCCCCC(=O)O,EN300-260611
532,Nc1ccc(N2CCOCC2)cc1C(=O)O,EN300-259944
533,Nc1c(Cl)c(F)cc(C(=O)O)c1Cl,EN300-262099
534,Cn1nccc1C(N)C(=O)O,EN300-257663
535,NC(Cc1ccno1)C(=O)O,EN300-263167
536,NCCn1cncc1C(=O)O,EN300-264577
537,Nc1c(C(=O)O)nc2ccc(Br)cn12,EN300-8721977
538,COC(CC(N)C(=O)O)C1CC1,EN300-266063
539,NCC(CC(=O)O)c1ccc(Cl)cc1,EN300-268135
540,C[C@]1(O)C[C@@](N)(C(=O)O)C1,EN300-269350
541,N[C@H]1CCCC[C@H]1C(=O)O,EN300-258711
542,N[C@@H](Cc1ccc2ccccc2c1)C(=O)O,EN300-260027
543,CC(C)OCC(N)C(=O)O,EN300-270153
544,C[C@H](O)[C@H](N)C(=O)O,EN300-73665
545,CC(C)(C)c1ccc(C(=O)O)c(N)c1,EN300-76365
546,CCOc1cc(Br)cc(C(=O)O)c1N,EN300-3269842
547,NC(CCF)C(=O)O,EN300-267566
548,CS(=O)(=O)C[C@H](N)C(=O)O,EN300-267664
549,NCC1(CC(=O)O)CC1,EN300-261466
550,NC(C(=O)O)C1CCCOC1,EN300-266266
551,NC12CCC(C(=O)O)(CC1)C2,EN300-267963
552,COc1ccc(N)cc1C(=O)O,EN300-254875
553,NCC1(CC(=O)O)CCOCC1,EN300-263901
554,Cc1cc(N)n(CC(=O)O)n1,EN300-266777
555,CC(c1ccccc1)C(N)C(=O)O,EN300-146204
556,C[C@H](N)CC(=O)O,EN300-60249
557,CC(C(=O)O)c1cccc(N)c1,EN300-264359
558,CC(C)OC[C@H](N)C(=O)O,EN300-266375
559,Nc1ncc(O)cc1C(=O)O,EN300-269575
560,NC(Cn1ccnc1)C(=O)O,EN300-264389
561,Cc1ccc(C(=O)O)c(N)c1,EN300-76367
562,Nc1cc(I)ccc1C(=O)O,EN300-113825
563,NCC1CCCc2ccc(C(=O)O)cc21,EN300-270367
564,NC(CC(=O)O)c1ccncc1,EN300-298865
565,Nc1c(C(=O)O)ncc2ccccc12,EN300-256066
566,Nc1ncc(O)cc1C(=O)O,EN300-295338
567,NCC(CC1CC1)C(=O)O,EN300-264592
568,C[C@@H](N)CC(=O)O,EN300-60248
569,NC(C(=O)O)c1cc(O)cc(O)c1,EN300-298606
570,N[C@H]1CC[C@@H](C(=O)O)C1,EN300-255579
571,CC(N)(CCF)C(=O)O,EN300-299005
572,COc1cc(CN)ccc1C(=O)O,EN300-261300
573,NCC(CC(=O)O)Cc1ccccc1,EN300-269378
574,NC1(CC(=O)O)CCCOC1,EN300-262781
575,CCCC(C(=O)O)n1ccc(N)n1,EN300-299938
576,NC(C(=O)O)c1csc(-c2c(F)cccc2F)n1,EN300-269388
577,NCC1CCn2ncc(C(=O)O)c2C1,EN300-263382
578,Nc1ncc(C(=O)O)cc1[N+](=O)[O-],EN300-121710
579,Nc1c(C(=O)O)cnn1-c1ccc(OC(F)(F)F)cc1,EN300-302809
580,NC1(C(=O)O)CC2CCC1C2,EN300-295511
581,NC(C(=O)O)c1ccc(O)cc1,EN300-137921
582,Nc1c(C(=O)O)cnn1-c1ccc(F)cc1,EN300-144425
583,NC(Cc1cccc(Br)c1)C(=O)O,EN300-156472
584,NCC(=O)N[C@@H](Cc1ccc(O)cc1)C(=O)O,EN300-302626
585,CC(C)CC(NC(=O)CN)C(=O)O,EN300-296125
586,CC(C)(C(=O)O)C(N)c1cc(Cl)cc(Cl)c1,EN300-303441
587,NC(CO)(CO)C(=O)O,EN300-4531869
588,NC1(C(=O)O)CC(c2ccccc2)C1,EN300-300126
589,N[C@@H](Cc1ccc(Cl)cc1)C(=O)O,EN300-106481
590,N[C@@H](C(=O)O)C1CCC1,EN300-107106
591,NC(CC(=O)O)C(F)(F)F,EN300-128292
592,Nc1nc2ccccc2cc1C(=O)O,EN300-106460
593,NC(C(=O)O)c1cc(F)ccc1F,EN300-301283
594,Nc1c(C(=O)O)cnn1Cc1ccccc1,EN300-145658
595,NC1(C(=O)O)COC1,EN300-156431
596,Nc1ncnc2c1ncn2CCC(=O)O,EN300-254746
597,NC(Cc1ccccc1O)C(=O)O,EN300-157704
598,NC(CC(=O)O)c1cc(Cl)cs1,EN300-310123
599,COc1cccc(CC(N)C(=O)O)c1,EN300-313255
600,CC(N)(C(=O)O)c1cccc([N+](=O)[O-])c1,EN300-313734
601,Nc1cc(-c2ccccc2)n(CC(=O)O)n1,EN300-269654
602,N[C@H](CCOc1ccccc1)C(=O)O,EN300-310382
603,CCC(C)(N)C(=O)O,EN300-312512
604,CC(C)[C@H](N)[C@H](O)C(=O)O,EN300-312820
605,Nc1ccc(NC(=O)CC(=O)O)cc1,EN300-317453
606,Nc1cc(F)c(C(=O)O)cc1F,EN300-224466
607,NCCc1ccc(OCC(=O)O)cc1,EN300-43330
608,NC1CC=C(C(=O)O)C1,EN300-306828
609,N[C@H]1CCCCC[C@H]1C(=O)O,EN300-321995
610,COc1cc(C(=O)O)c(N)cc1Br,EN300-254937
611,NC(C(=O)O)C1CCCO1,EN300-184365
612,N[C@H]1CC[C@H](C(=O)O)CC1,EN300-322284
613,NCc1ncc(C(=O)O)cn1,EN300-323095
614,CCc1sc(N)nc1C(=O)O,EN300-110426
615,N[C@H]1CC[C@H](C(=O)O)CC1,EN300-86278
616,COc1c(N)c(C(=O)O)cc(Cl)c1Br,EN300-323244
617,Nc1ncnc2c1ncn2CCCC(=O)O,EN300-321396
618,CC(C)(C)CCC(CCN)C(=O)O,EN300-1697651
619,Nc1nc(-c2ccc(C(=O)O)cc2)cs1,EN300-54240
620,Nc1ncnc2c1ncn2CCCCC(=O)O,EN300-321508
621,C[C@@H](CN)CC(=O)O,EN300-333507
622,NOC(C(=O)O)C1CC1,EN300-332394
623,Nc1cccc(Br)c1C(=O)O,EN300-65905
624,NCc1nc(C(=O)O)cs1,EN300-321152
625,Cc1cc(N)ccc1C(=O)O,EN300-58860
626,CC(N)(Cc1ccc(F)cc1)C(=O)O,EN300-344024
627,Nc1nc2c(ncn2CC(=O)O)c(=O)[nH]1,EN300-317437
628,Nc1ccc(-n2cnnn2)c(C(=O)O)c1,EN300-333148
629,NCC(CC(=O)O)C1CCCC1,EN300-333431
630,N[C@@H](COCc1ccccc1)C(=O)O,EN300-127719
631,NCc1cccc(CCC(=O)O)c1,EN300-321599
632,CC1CCC(C(CN)CC(=O)O)CC1,EN300-341901
633,NCC(CC(=O)O)C1CCCCCC1,EN300-333770
634,COc1cc(C(=O)O)c(N)cc1Cl,EN300-340482
635,NCC(CC(=O)O)c1ccccc1,EN300-331888
636,CC[C@@H](C)[C@@H](N)C(=O)O,EN300-101180
637,Nc1ccc(C(=O)O)cc1OCCO,EN300-315510
638,Cc1ccnc(C(=O)O)c1N,EN300-343748
639,NC1C=CCCC1C(=O)O,EN300-344171
640,NC1(C(=O)O)CC(F)C1,EN300-343228
641,NCC(CC(=O)O)C1CCC1,EN300-345632
642,Cc1ccc(C(=O)O)c(N)c1F,EN300-359740
643,Nc1ccc2nccc(C(=O)O)c2c1,EN300-363250
644,Nc1ncnc2c1ncn2C[C@H]1CC[C@@H](C(=O)O)O1,EN300-344245
645,N[C@H]1CC[C@@H](C(=O)O)CC1,EN300-135332
646,CC1CCC(C(=O)O)CC1N,EN300-365940
647,NC(CC1CCOCC1)C(=O)O,EN300-371172
648,CCOCn1nnc(C(=O)O)c1N,EN300-364919
649,CC(C)=CCC(N)C(=O)O,EN300-346046
650,COc1ccc(CC(CN)C(=O)O)cc1F,EN300-358924
651,N[C@@H](Cc1c[nH]cn1)C(=O)O,EN300-57334
652,COc1cccc(C(=O)O)c1N,EN300-86180
653,CC1(CC(N)C(=O)O)N=N1,EN300-370260
654,CC(C)C(N)C(C)(C)C(=O)O,EN300-374345
655,NC[C@H](F)C(=O)O,EN300-250508
656,CC(O)C(C)(N)C(=O)O,EN300-371926
657,Cn1ncc(CN)c1C(=O)O,EN300-366177
658,CC(N)(C(=O)O)c1ccccc1,EN300-58391
659,Nc1c(C(=O)O)nc2c(Br)cccn12,EN300-366929
660,Cc1ccnc(N)c1C(=O)O,EN300-366981
661,NC(CSc1nc2ccccc2s1)C(=O)O,EN300-367207
662,Cc1ccc2nc(C(=O)O)c(N)n2c1,EN300-8725657
663,NC1CC(C(=O)O)C1,EN300-101704
664,Cc1cc(F)c(C(=O)O)cc1N,EN300-125727
665,Nc1nc(C(=O)O)ccc1O,EN300-197967
666,N[C@@H](CC(=O)O)c1ccccc1Cl,EN300-365889
667,Cc1ccc(N)c(C)c1C(=O)O,EN300-366237
668,NCCn1cc(C(=O)O)c(=O)[nH]c1=O,EN300-383991
669,NC1(C(=O)O)CC(O)C1,EN300-378865
670,Cn1ncc(CN)c1C(=O)O,EN300-392914
671,Cc1ccccc1-n1ncc(C(=O)O)c1N,EN300-76411
672,Nc1ccc(C(=O)O)c(Cl)c1,EN300-52064
673,N[C@@H](CO)C(=O)O,EN300-52635
674,N[C@H](CO)C(=O)O,EN300-67234
675,N[C@H](Cc1c[nH]cn1)C(=O)O,EN300-67346
676,CSCC[C@@H](N)C(=O)O,EN300-72154
677,Nc1ccc(CC(=O)O)cc1,EN300-20755
678,NCCCCCC(=O)O,EN300-30006
679,CC(C)CC(C)(N)CC(=O)O,EN300-384486
680,NC(C(=O)O)c1csc(Br)c1,EN300-385835
681,NC1CCOC2(C1)CC(C(=O)O)C2,EN300-386222
682,CC1(C(=O)O)CC(N)CCO1,EN300-393012
683,Nc1cccc(C(=O)O)c1,EN300-18376
684,CC(C)[C@@H](N)C(=O)N[C@H](Cc1ccccc1)C(=O)O,EN300-393203
685,Nc1ccc(C(=O)NCCC(=O)O)cc1,EN300-30138
686,N[C@@H](CCO)C(=O)O,EN300-75344
687,Cc1c(C(F)(F)F)ccc(C(=O)O)c1N,EN300-396751
688,N[C@@H](Cc1ccc(N=Nc2ccccc2)cc1)C(=O)O,EN300-384105
689,CC(C)(C)[C@H](N)C(=O)O,EN300-41979
690,Cc1nc(N)ncc1C(=O)O,EN300-131958
691,NC(C(=O)O)c1cccc2ccccc12,EN300-399778
692,Nc1c([N+](=O)[O-])ccc(F)c1C(=O)O,EN300-187805
693,Nc1nnc(C(=O)[O-])s1,EN300-399920
694,Nc1ccc2nc(C3=N[C@H](C(=O)[O-])CS3)sc2c1,EN300-260860
695,Nc1ccnn1CC(=O)O,EN300-658817
696,Nc1cc(Cl)cc(F)c1C(=O)O,EN300-304957
697,CC(C)CC(C)(CN)C(=O)O,EN300-658580
698,NC(C(=O)O)c1c[nH]c2ccccc12,EN300-658943
699,NC(CC(=O)NCc1ccc(C(=O)O)cc1)C1CC1,EN300-658980
700,NC(CC(=O)O)c1cccnc1,EN300-673437
701,CCC(=O)Nc1ccc(N)cc1C(=O)O,EN300-373626
702,Nc1c([N+](=O)[O-])ccc(F)c1C(=O)O,EN300-378654
703,CC(C)Cc1cc(C(=O)O)ccc1N,EN300-695657
704,CCc1nc(N)ncc1C(=O)O,EN300-685336
705,NCC(CC(=O)O)c1ccncc1,EN300-717560
706,Cc1ccc(C(=O)O)c(N)c1Cl,EN300-343216
707,Nc1c(F)ccc(C(=O)O)c1F,EN300-705553
708,NC1(CCC(=O)O)CCCCC1,EN300-708691
709,NC(C(=O)O)c1ccccc1OC(F)(F)F,EN300-395836
710,Cc1sc(CCN)nc1C(=O)O,EN300-69798
711,CN(C)CC(N)C(=O)O,EN300-75705
712,Nc1c(Br)cc(C(=O)O)cc1[N+](=O)[O-],EN300-204128
713,NC1CCCn2nc(C(=O)O)cc21,EN300-701195
714,CC(C)(C)c1nsc(N)c1C(=O)O,EN300-742122
715,Cc1c(C(=O)O)c2cc(CN)ccc2n1Cc1ccccc1,EN300-732036
716,Nc1c(C(=O)O)cnn1CCO,EN300-145712
718,COC[C@@H](N)C(=O)O,EN300-191528
719,NCCC12CC(C(=O)O)(C1)C2,EN300-37368887
720,NCC(CC(=O)O)c1ccc(Br)s1,EN300-722309
721,NC(CC(=O)O)C1CCCCC1,EN300-132077
722,Cc1cnn(CC(N)C(=O)O)c1,EN300-151973
724,CCCCc1cc(N)c(C(=O)O)c(F)c1,EN300-702907
725,N[C@@H]1C[C@H](C(=O)O)[C@H]2C[C@H]21,EN300-703951
726,NC(CCC(=O)OCc1ccccc1)C(=O)O,EN300-206908
727,Nc1c(C(=O)O)cc(Cl)c(F)c1[N+](=O)[O-],EN300-211135
728,CC(C(=O)O)c1ccc(N)cc1,EN300-215439
729,Nc1ccc(C(O)C(=O)O)cc1,EN300-111568
730,Nc1cc(-c2cccnc2)cc(F)c1C(=O)O,EN300-702928
731,CCc1cc(N)c(C(=O)O)c(F)c1,EN300-702930
732,NC(CC(=O)O)c1ccc(F)cc1F,EN300-295819
733,NC(Cn1cc(Br)cn1)C(=O)O,EN300-132993
734,Nc1csnc1C(=O)O,EN300-106672
735,CSc1ccc(C(N)CC(=O)O)cc1,EN300-1070276
736,NC(C(=O)O)C1CCOCC1,EN300-179095
737,NC1(C(=O)O)CC(C(F)F)C1,EN300-179528
738,NCc1ccc(CC(=O)O)s1,EN300-746593
739,NCC(C(=O)O)c1ccccc1Cl,EN300-746602
740,Cn1cncc1C(N)C(=O)O,EN300-171209
741,N[C@@H](CC(=O)O)Cc1cc(F)c(F)cc1F,EN300-393286
742,COc1ccc(F)c(C(=O)O)c1N,EN300-258419
743,Cc1sc(C(C)N)nc1C(=O)O,EN300-736754
744,NC1CC(N(CC(=O)O)CC2CC2)C1,EN300-736811
745,NCC(CC1CCOC1)C(=O)O,EN300-755115
746,Nc1cc(C(=O)O)cc(O)c1O,EN300-760931
747,NCCc1cnc2c(C(=O)O)cnn2c1,EN300-761465
748,CCC(N)CC(=O)O,EN300-132078
749,NC(C(=O)O)C(O)c1cccnc1,EN300-746836
750,Cc1nn(-c2ccc(F)cc2)c(C)c1C(N)C(=O)O,EN300-746837
751,NC1CCCc2cn(CC(=O)O)nc21,EN300-746839
752,Nc1n[nH]c2ncc(C(=O)O)cc12,EN300-747040
753,Nc1nc(-c2cccc(C(=O)O)n2)cs1,EN300-747065
754,COc1ccc(CN)cc1C(=O)O,EN300-747216
755,N[C@H]1CCO[C@H]1C(=O)O,EN300-747279
756,NCCc1cc2ccc(C(=O)O)cc2o1,EN300-726494
757,NCC(CC(=O)O)c1ccc2c(c1)CCO2,EN300-731012
758,Cc1sc(CN)nc1C(=O)O,EN300-734893
759,CCSCC[C@H](N)C(=O)O,EN300-194573
760,COCc1ccc(C(CN)CC(=O)O)cc1,EN300-736074
761,N[C@H](CC1CC1)C(=O)O,EN300-199885
762,N[C@H](COCc1ccccc1)C(=O)O,EN300-199886
763,Nc1cn(CC(=O)O)nn1,EN300-325772
764,Nc1cc(O)cc(C(=O)O)c1,EN300-113502
765,NCC(C(=O)O)C1CCC1,EN300-736807
766,NC(CC(=O)O)c1ccc(OC(F)(F)F)cc1,EN300-736813
767,NCc1ccc(C(=O)NCC(=O)O)cc1,EN300-736818
768,NC1CCSC2(C1)CC(C(=O)O)C2,EN300-741785
769,CC(CN)(C(=O)O)c1ccc(F)cc1,EN300-746592
770,Nc1cc(C(=O)O)c(F)cc1O,EN300-800006
771,Nc1cc(C(=O)O)cc2cccnc12,EN300-746571
772,Nc1cnn(Cc2ccc(C(=O)O)cc2)c1,EN300-762745
773,NCCCn1cc(C(=O)O)nn1,EN300-761464
774,CN1CCC(N)(CC(=O)O)CC1,EN300-761611
775,NCC1(C(=O)O)CC(c2ccccc2)C1,EN300-761656
776,Cc1nc(-c2cccc(CN)c2)sc1C(=O)O,EN300-755120
777,CC(N)C(=O)N1CCCC(C(=O)O)C1,EN300-755326
778,NCC1CCN(CCC(=O)O)CC1,EN300-761777
779,Nc1cnn(Cc2cccc(C(=O)O)c2)c1,EN300-762626
780,NC(CCc1nnn[nH]1)C(=O)O,EN300-755614
781,COc1cc(OC)c(C(=O)O)cc1N,EN300-760974
782,NC(C(=O)O)c1ccccc1I,EN300-761252
783,N[C@@H]1C(=O)NC[C@H]1C(=O)O,EN300-761274
784,Nc1cn(C(F)F)nc1C(=O)O,EN300-804273
785,NC1(C(=O)O)CC2CCCC21,EN300-37400198
786,Cn1ncc(N)c1CCC(=O)O,EN300-1072127
787,COc1cc(N)cc(C(=O)O)c1OC,EN300-1072949
788,COC[C@H](N)C(=O)O,EN300-191527
789,Nc1cc(F)cc(C(=O)O)c1,EN300-366076
790,CC(C)(C)OC[C@@H](N)C(=O)O,EN300-199906
791,Cc1ccccc1C[C@H](N)C(=O)O,EN300-199907
792,N[C@H](Cc1ccccc1F)C(=O)O,EN300-199908
793,Cc1cccc(C[C@H](N)C(=O)O)c1,EN300-199909
794,Nc1ccc(-c2ccc(C(=O)O)o2)cn1,EN300-1131866
795,Nc1cc(O)nc2cc(C(=O)O)nn12,EN300-1130006
796,CC(N)(CC(=O)O)c1ccc(Br)cc1,EN300-761688
797,Nc1cc(O)c(Br)c(C(=O)O)c1,EN300-805000
798,COc1cc(/C=C/C(=O)O)ccc1N,EN300-833108
799,Nc1ccc(/C=C/C(=O)O)cc1[N+](=O)[O-],EN300-833113
800,Nc1nc2cc(C(=O)O)ccc2o1,EN300-1165486
801,Nc1c(C(=O)O)cnn1C1CCOCC1,EN300-1074690
802,Cc1cc(N)cc(C(=O)O)c1C,EN300-37401748
803,NCC(CC(=O)O)c1ccc(C(F)F)cc1,EN300-1067074
804,NC(Cc1ccc(Br)cc1Br)C(=O)O,EN300-37402773
805,Cc1cc(C)c(C(N)C(=O)O)c(C)c1,EN300-157659
806,Nc1cc(C(F)(F)F)cnc1C(=O)O,EN300-1068225
807,NCc1ccoc1C(=O)O,EN300-80219
808,Nc1ccc(OC(F)(F)F)cc1C(=O)O,EN300-151711
809,C[C@@H](O)[C@@H](N)C(=O)O,EN300-127768
810,CC(N)(Cn1cc(Br)cn1)C(=O)O,EN300-1122987
811,NC1CCOCC1CC(=O)O,EN300-746143
812,CC(CN)(CC(=O)O)c1ccc(Cl)cc1,EN300-746704
813,CC(C)(c1ccccc1)C(N)C(=O)O,EN300-749064
814,NC1CCS(=O)(=O)C2(C1)CC(C(=O)O)C2,EN300-805033
815,Cn1ccc(C(N)C(=O)O)n1,EN300-814027
816,NC1(CC(=O)O)CCC(F)(F)CC1,EN300-6493140
817,Nc1cccc(/C=C/C(=O)O)c1,EN300-833087
818,COc1cc(N)c(C(=O)O)cc1F,EN300-129946
819,CC(C(=O)[O-])c1ccc(N)cn1,EN300-794460
820,COc1cc(C(=O)O)cc(N)c1O,EN300-1086904
821,CC(C)n1ncc(N)c1C(=O)O,EN300-1086963
822,CC(N)c1ncc(C(=O)O)c(=O)[nH]1,EN300-1266313
823,Nc1cccc(-c2cccc(C(=O)O)c2)c1,EN300-1142105
824,N[C@@]1(C(=O)O)C[C@@H]2CC[C@H]1C2,EN300-1267088
825,Nc1cn(CCC(=O)O)nc1C(F)(F)F,EN300-651403
826,NC(C(=O)O)C1CC2(CCC2)C1,EN300-1300421
827,CC(C(=O)O)c1ccc(N)cc1,EN300-725069
828,NC1(C(=O)O)Cc2ccc(Cl)cc2C1,EN300-112691
829,CC1CCC(N)(C(=O)O)c2ccccc21,EN300-1169980
830,COc1cc(F)c(C(=O)O)cc1N,EN300-1091699
831,NC1(C(=O)O)CCN(c2ccccc2)CC1,EN300-1087110
832,Nc1nc2ncc(C(=O)O)cc2s1,EN300-201584
833,N#Cc1ccc(N)c(C(=O)O)c1,EN300-151690
834,Nc1cn(Cc2ccc(C(=O)O)cc2)nc1C(F)(F)F,EN300-651314
835,NC(CC(=O)O)Cc1ccccc1,EN300-96575
836,Cc1ccccc1CC(CN)C(=O)O,EN300-114159
837,NC1(c2noc(CCC(=O)O)n2)CCCCCC1,EN300-1165997
838,Nc1c(Br)cc(Cl)nc1C(=O)O,EN300-736056
839,CC(N)C(=O)O,EN300-740128
840,NCc1ccc(C(=O)O)s1,EN300-755329
841,NC1(CC(=O)O)COC1,EN300-1177809
842,Cc1cc(N)c(Br)cc1C(=O)O,EN300-128557
843,Cn1cncc1[C@@H](N)CC(=O)O,EN300-1284757
844,N[C@H](C(=O)O)C1CCC1,EN300-781168
845,NC(CCOCCO)C(=O)O,EN300-1298656
846,CC(C)(C[C@H](N)C(=O)O)C(F)F,EN300-1299015
847,NC1(CCC(=O)O)CCOCC1,EN300-1301390
848,Nc1ncc(C(=O)O)cc1CO,EN300-1425544
849,CCSCCCC(N)C(=O)O,EN300-1299505
850,Cc1ccc(C[C@H](N)C(=O)O)cc1,EN300-267467
851,NC(C(=O)O)c1cc(O)cc(O)c1,EN300-1268192
852,Nc1c(C(=O)O)sc2cccnc12,EN300-150166
853,COc1ccc(OC)c(C(=O)O)c1N,EN300-188452
854,Nc1nc2ccc(C(=O)O)cn2n1,EN300-1274696
855,NC(C(=O)O)c1ccc(Cl)cc1,EN300-88024
856,Nc1cccc2c(C(=O)O)cccc12,EN300-10009082
857,CC(C)(C(=O)O)c1ccc(N)cc1,EN300-8775600
858,Nc1nc2cc(C(=O)O)ccc2s1,EN300-49961
859,CC(CN)(C(=O)O)c1ccccc1,EN300-8783009
860,Cc1nnc(CC(N)C(=O)O)n1C,EN300-1299147
861,CC(CC(F)(F)F)C(N)C(=O)O,EN300-6493939
862,Nc1c(C(=O)O)cc(Cl)c(Br)c1F,EN300-761214
863,Nc1ccc(C(=O)O)c2c1OCCO2,EN300-131646
864,Cc1cccnc1C(N)C(=O)[O-],EN300-27082090
865,Nc1ncn(CCC(=O)O)n1,EN300-92556
866,C[C@@H]1[C@H](N)CC[C@H](C(=O)O)C1(C)C,EN300-51834843
867,CC(N)(C(=O)O)c1ccc(C(F)(F)F)cc1,EN300-40995
868,NCc1ccc(CCCC(=O)O)cc1,EN300-1270323
869,N[C@@H](Cc1cccc(Cl)c1)C(=O)O,EN300-1266217
870,N[C@H](Cc1ccccc1Br)C(=O)O,EN300-722372
871,Nc1cc(C(=O)O)c(F)c(O)c1F,EN300-1168586
872,Cc1ccc(C[C@@H](N)C(=O)O)cc1,EN300-1168655
873,Cn1c(C(=O)[O-])c(N)c2ccccc21,EN300-1301362
874,Nc1ccc(C(=O)O)c(Cl)c1,EN300-54806
875,N[C@H](C(=O)O)C1CC1,EN300-93622
876,N[C@H](Cn1cncn1)C(=O)O,EN300-1091635
877,N[C@@H](Cc1ccc(Br)cc1)C(=O)O,EN300-217027
878,N[C@@H](C(=O)O)C1CCCCC1,EN300-67363
879,NC(C(=O)O)c1ccc(Cl)c(F)c1,EN300-122764
880,Nc1nc2c(C(=O)O)cccn2n1,EN300-264516
881,CC(N)(C(=O)O)c1ccc(F)cc1Br,EN300-1272022
882,N#Cc1c(O)ccc(CC(N)C(=O)O)c1F,EN300-1723771
883,NCc1occc1C(=O)O,EN300-1699596
884,NCc1ccccc1-c1cccc(C(=O)O)c1,EN300-6474295
885,N[C@@H](Cc1c[nH]c2ccc(O)cc12)C(=O)O,EN300-1720935
886,COc1cc(N)c(C(=O)O)cc1I,EN300-264278
887,N[C@@H](CC(F)F)C(=O)O,EN300-2009673
888,CO/N=C(\C(=O)O)c1csc(N)n1,EN300-1709719
889,CC(CC(N)C(=O)O)c1ccccc1,EN300-1273223
890,NC1(C(=O)O)CC(COCc2ccccc2)C1,EN300-1608325
891,CC(N)CC(C)C(=O)O,EN300-36971654
892,N[C@H](CCC(=O)O)C(F)F,EN300-37083704
893,CCC(N)COCCCC(=O)O,EN300-28257672
894,N[C@@H]1CCCC[C@H]1C(=O)O,EN300-19632368
895,NCc1cn2c(n1)CC(C(=O)O)CC2,EN300-36602312
896,NC1(C(=O)O)CCC12CC2,EN300-37081287
897,N[C@@H](CC1CCCCC1)C(=O)O,EN300-102569
898,CC(C)(N)COCCCC(=O)O,EN300-37083926
899,COc1cc(N)nc(C(=O)O)c1,EN300-1478771
900,N[C@H](CCC(F)F)C(=O)O,EN300-37019765
901,NCc1cn2c(n1)CCC(C(=O)O)C2,EN300-37026136
902,N[C@H]1CC[C@]2(C(=O)O)C[C@H]12,EN300-36969788
903,NC(Cc1cccc(O)c1)C(=O)O,EN300-185832
904,CC(C)(C)OC(=O)CC[C@H](N)C(=O)O,EN300-198996
905,Nc1ccc(-n2ccc(C(=O)O)n2)nc1,EN300-92499
906,Cc1ccc(C(=O)O)cc1N,EN300-17940
907,Nc1ncc(C(=O)O)cc1Br,EN300-109680
908,CN(C)c1ccc(CC(CN)C(=O)O)cc1,EN300-123733
909,CCC(CN)C(=O)O,EN300-72555
910,NCC(CC(=O)O)c1ccccc1,EN300-110013
911,Nc1cc(F)c(O)cc1C(=O)O,EN300-112043
912,Nc1c[nH]nc1C(=O)O,EN300-18478241
913,Nc1nc(-c2c[nH]c(C(=O)O)c2)cs1,EN300-27480
914,NC(CC1CCOC1)C(=O)O,EN300-85860
915,NC1(C(=O)O)CCN(Cc2ccccc2)C1,EN300-113995
916,CC(C)(C)CCC(N)C(=O)O,EN300-135083
917,NCCCCCCC(=O)NCCCCCCC(=O)O,EN300-113254
918,CS(=O)(=O)Nc1ccc(N)cc1C(=O)O,EN300-67404
919,Nc1cc(C(=O)O)c(Cl)c(F)c1F,EN300-19534435
920,NC1(C(=O)O)CC1,EN300-29759
921,NC(C(=O)O)(c1cccc(Cl)c1)C(F)(F)F,EN300-123877
922,NC(C(=O)O)C1CCOC1,EN300-88021
923,N[C@H](C(=O)O)c1ccc(F)cc1,EN300-91504
924,Cc1nc(C)c2c(N)c(C(=O)O)sc2n1,EN300-27587
925,NC(CC(F)F)C(=O)O,EN300-65367
926,NCC(Cc1ccccc1)C(=O)O,EN300-84867
927,CC(C)Cc1ccc(C(C)(N)C(=O)O)cc1,EN300-40997
928,NC(CCC(=O)O)c1ccc(Cl)c(Cl)c1,EN300-66354
929,COc1ccc(F)c(N)c1C(=O)O,EN300-93509
930,CS[C@]1(C(=O)O)C[C@@H](N)C1,EN300-37102457
931,NC1CCS(=O)(=O)C(C(=O)O)C1,EN300-37104560
932,NC(Cc1cc(F)c(O)c([N+](=O)[O-])c1)C(=O)O,EN300-1588610
933,NC1(C(=O)O)CCOc2ccccc21,EN300-20882184
934,Nc1cc2c(c(C(=O)O)c1)OC(F)(F)O2,EN300-19536288
935,N[C@@H]1CCC[C@@H](C(=O)O)C1,EN300-20813584
936,Nc1c(OC(F)(F)F)ccc(F)c1C(=O)O,EN300-20840819
937,NC(Cc1ccc(C(F)(F)F)cc1)C(=O)O,EN300-12702192
938,Nc1ccccc1C(=O)Nc1ccccc1C(=O)O,EN300-16261693
939,C[C@@H](CN)CC(=O)O,EN300-23311370
940,Nc1ccc(C(=O)O)c2c1C(=O)NC2,EN300-1590608
941,NCC(CC(=O)O)c1ccc(C2CC2)cc1,EN300-697323
942,N[C@@H](CC(=O)O)CC1CCCCC1,EN300-1590201
943,Nc1ccncc1C(=O)O,EN300-74247
944,NC1CC(CCC(=O)O)C1,EN300-1695748
945,Nc1cccc(-c2ccnc3cc(C(=O)O)nn23)c1,EN300-231474
946,NCCc1ccc(C(=O)O)s1,EN300-20868653
947,N#Cc1cccc(C[C@H](N)CC(=O)O)c1,EN300-7361103
948,Nc1nc(Cl)cnc1C(=O)O,EN300-1664929
949,NC(Cc1csc2ccccc12)C(=O)O,EN300-1581770
950,Nc1cccc2c1ccn2CC(=O)O,EN300-1689018
951,Cc1ncc(C(=O)O)c(N)n1,EN300-110523
952,Cc1c(O)cc(N)cc1C(=O)O,EN300-1605788
953,NC(Cc1c(F)cc(O)c(Br)c1F)C(=O)O,EN300-1663250
954,NC[C@H]1C[C@H](C(=O)O)C1,EN300-27122298
955,N[C@H](CCc1ccccc1)CC(=O)O,EN300-1663366
957,CC1(C(N)C(=O)O)CC1,EN300-1448450
958,CC(C)(C)OC(=O)N[C@H](CCCCN)C(=O)O,EN300-258205
959,Nc1ccc(C(=O)O)cc1OC1CC1,EN300-2744538
960,CC1(C(N)C(=O)O)CC1,EN300-1655706
961,CC1CCC(N)(C(=O)O)C1,EN300-1655735
962,N[C@H](CC(=O)O)c1cccc(I)c1,EN300-1692961
963,NCC(CC(=O)O)c1ccc(C2CC2)cc1,EN300-1608741
964,CS(=O)(=O)c1c(O)ccc(CC(N)C(=O)O)c1F,EN300-1692983
965,N[C@]1(C(=O)O)CC[C@H](O)C1,EN300-1693158
966,CC1(C(=O)O)CC(N)C1,EN300-1693161
967,Nc1cc(O)cc(C(=O)O)c1Br,EN300-1661034
968,CC(=O)N[C@@H](CCCCN)C(=O)O,EN300-1699962
969,N#Cc1cc(CC(N)C(=O)O)cc(F)c1O,EN300-1644730
970,N[C@@H]1C=C[C@H](C(=O)O)C1,EN300-26210052
971,CCC(N)COCCCC(=O)O,EN300-37083915
972,Cn1ccnc1C(N)C(=O)[O-],EN300-1705753
973,N[C@@H]1CC[C@H](CC(=O)O)C1,EN300-1696691
974,Nc1cc(Cl)c(C(=O)O)c(Cl)c1,EN300-95231
975,CC(C)C(C(=O)O)n1ncc(N)n1,EN300-1699067
976,N[C@@H](CC(=O)O)C1CC1,EN300-1707003
977,CC(C)C[C@H](N)CC(=O)O,EN300-1707009
978,Nc1ccc(OC(F)(F)F)c(C(=O)O)c1,EN300-7396800
979,NC(C(=O)O)C1CC2CCC1C2,EN300-1605650
980,N[C@H](CC(=O)O)c1ccc(C(F)(F)F)cc1,EN300-7438710
981,N[C@H]1C[C@@H](CCC(=O)O)C1,EN300-1717556
982,Nc1ccc(C(=O)O)c2cccnc12,EN300-112959
983,Cc1nc(N)ccc1/C=C/C(=O)O,EN300-1726221
984,Cc1c(N)cc(Br)cc1C(=O)O,EN300-255347
985,CCNC(=O)CC[C@H](N)C(=O)O,EN300-1168664
986,NC1(CCC(=O)O)CCCC1,EN300-1699721
987,Cc1cc(C(=O)O)ncc1N,EN300-249700
988,CC(C)C[C@@H](N)CC(=O)O,EN300-1699800
989,Nc1nc(C(F)(F)C(=O)O)cs1,EN300-1693974
990,[N-]=[N+]=NCCCC[C@H](N)C(=O)O,EN300-1704129
991,NC1(CCC(=O)O)CCOC1,EN300-1700076
992,CC(C)CC(C)C(N)C(=O)O,EN300-1707035
993,Cc1c(N)n[nH]c1C(=O)O,EN300-1716130
994,NC(Cc1cc[nH]c1)C(=O)O,EN300-1716732
995,Nc1ccc(Br)c(C(=O)O)c1F,EN300-1697673
996,CC[C@H](N)CC(=O)O,EN300-1700259
997,Nc1cc(O)cc(C(=O)O)n1,EN300-1709387
998,Nc1c(C(=O)O)nc2c(Cl)cc(Cl)cn12,EN300-9449943
999,Cc1sc(C)c(C(=O)O)c1CN,EN300-6481766
1000,Nc1sc(-c2ccccc2)nc1C(=O)O,EN300-107405
1001,Nc1ccc(F)c(C(=O)O)c1Br,EN300-29216639
1002,CC(C)(C)SC[C@H](N)C(=O)O,EN300-1718162
1003,Nc1[nH]nc2cc(C(=O)O)ccc12,EN300-1711712
1004,N[C@@H](CCC(F)(F)F)C(=O)O,EN300-1720929
1005,NC(C(=O)O)c1ccc(F)c(Cl)c1,EN300-1721916
1006,N[C@H](COCc1ccccc1)CC(=O)O,EN300-1716011
1007,C=CCSSC[C@H](N)C(=O)O,EN300-1716070
1008,Cc1scc(C(=O)O)c1N,EN300-1722461
1009,NC(CC(=O)O)c1nccs1,EN300-1719353
1010,Nc1ccc(C(=O)O)c(Br)c1,EN300-107947
1011,Nc1c(F)c(F)cc(C(=O)O)c1Cl,EN300-1706075
1012,NC[C@H](Cc1ccccc1)C(=O)O,EN300-1706641
1013,CC(C)(C)c1ccc(C[C@@H](N)C(=O)O)cc1,EN300-1716626
1014,Nc1ccc(C(=O)O)c2ccncc12,EN300-800002
1015,CSCCC(N)C(=O)O,EN300-17984
1017,Nc1nc2ncccc2cc1C(=O)O,EN300-203005
1018,CC1(C)C2OCCCC2C1(N)C(=O)O,EN300-157820
1019,C[C@H](N)COc1cccc(C(=O)O)n1,EN300-28234285
1020,Nc1nc(C(=O)O)c(-c2ccccc2Cl)s1,EN300-186602
1021,NC(CC1CC1)C(=O)O,EN300-214937
1022,NC1(CC(=O)O)Cc2ccccc2C1,EN300-153182
1023,NC(Cn1cnc2ccccc21)C(=O)O,EN300-179484
1024,Nc1c(C(=O)O)cnn1CC(F)(F)F,EN300-5385392
1025,NCc1cc(F)c(C(=O)O)c(F)c1,EN300-220490
1026,NCc1cc(C(=O)O)[nH]n1,EN300-6504783
1027,Cc1c(C(=O)O)ccc(O)c1N,EN300-800005
1028,CC(C(=O)O)n1cc(N)cn1,EN300-651376
1029,C[C@@H](N)COc1cccc(C(=O)O)n1,EN300-28234329
1030,COc1ccc(C(N)C(=O)O)c2ccccc12,EN300-1855048
1031,NC(CC(=O)O)c1csc2ccccc12,EN300-1851616
1032,CCOc1ccc(C(N)CC(=O)O)cc1,EN300-1847744
1033,N[C@H](Cc1ccccc1)[C@H](O)C(=O)O,EN300-4254183
1034,CC(C)CC[C@H](N)C(=O)O,EN300-1726360
1035,NC(Cc1cc([N+](=O)[O-])cc([N+](=O)[O-])c1)C(=O)O,EN300-1725201
1036,NC(C(=O)O)c1ccc(F)c(Cl)c1F,EN300-1723170
1037,Cc1nn(C)cc1CC(N)C(=O)O,EN300-1723094
1038,NC1CC2(C1)C(C(=O)O)C2(F)F,EN300-1726162
1039,CC(N)COc1cccc(C(=O)O)n1,EN300-26980564
1040,Nc1cc(O)cc(C(=O)O)c1F,EN300-1722464
1041,CC1OC2(CN)CC1(C(=O)O)C2,EN300-1726431
1042,CC(C)c1ccc(C(N)C(=O)O)cc1,EN300-1843227
1043,NCc1cc(C(=O)O)c2ccccc2c1,EN300-2007742
1044,N[C@@H](C(=O)O)C12C3C4C5C3C1C5C42,EN300-26976619
1045,NC(C(=O)O)C1CCCCO1,EN300-1722596
1046,Nc1c(Cl)ccc(Br)c1C(=O)O,EN300-267533
1047,Cc1c(Br)cccc1C(N)C(=O)O,EN300-1913392
1048,NCC1(O)CC(C(=O)O)C1,EN300-7465493
1049,NCCC(C(=O)O)c1cnn(-c2ccccc2)c1C(F)(F)F,EN300-7442466
1050,Cc1cccc(C(N)CC(=O)O)c1C,EN300-82153
1051,NC(C(=O)O)(C1CC1)C(F)(F)F,EN300-124780
1052,Nc1ccc(C(=O)O)c([N+](=O)[O-])c1,EN300-126530
1053,C[C@@H](N)Cn1cc(C(=O)O)nn1,EN300-37351147
1054,NC(Cc1ccc(Cl)nc1)C(=O)O,EN300-295992
1055,N[C@@H](Cc1c[nH]cn1)C(=O)NCC(=O)O,EN300-26980819
1056,Cn1cc(C[C@H](N)C(=O)O)c2ccccc21,EN300-27081230
1057,N[C@H](CCCCNC(=O)c1ccccc1)C(=O)O,EN300-37272845
1058,NCC(=O)O,EN300-31218
1059,N[C@H]1CC[C@H]1CC(=O)O,EN300-37408349
1060,CS(=O)(=O)CCC(N)C(=O)O,EN300-37299456
1061,NC1CCN(CCC(=O)O)CC1,EN300-136703
1062,Nc1nc2cccc(C(=O)O)c2o1,EN300-3161312
1063,NC(Cc1ccc(O)cc1)C(=O)O,EN300-17972
1064,NCCCCCC(=O)O,EN300-17983
1065,NCCc1[nH]ncc1C(=O)O,EN300-27101524
1066,CC1CC1C(N)C(=O)O,EN300-1830252
1067,NC(CCC(=O)O)c1ccccc1,EN300-70846
1068,Nc1ncc(C(=O)O)cn1,EN300-98981
1069,NC1CCC2(C(=O)O)CC12,EN300-37274567
1070,NCCCc1cncc(C(=O)O)c1,EN300-27102253
1071,N[C@H]1C[C@]2(C(=O)O)CO[C@H]1C2,EN300-27149964
1072,NCC(O)Cc1cccc(C(=O)O)c1,EN300-37325555
1073,NCC(F)(F)Oc1cccc(C(=O)O)c1,EN300-27101977
1074,Cc1cc(N)n2ncc(C(=O)O)c2n1,EN300-27102449
1075,CC(C)C1(C(N)C(=O)O)CC1,EN300-37409274
1076,NC(C(=O)O)C1CS(=O)(=O)C1,EN300-27102469
1077,C=Cn1cc(C2(C(N)C(=O)O)CC2)cn1,EN300-1730453
1078,NCC(F)(F)Oc1ccc(C(=O)O)cc1,EN300-27102660
1079,CC(C)C(N)CCCC(=O)O,EN300-27102412
1080,Cc1nc(N)cnc1C(=O)O,EN300-27102664
1081,N[C@H]1C=C[C@@H](CC(=O)O)C1,EN300-37410617
1082,N[C@@H]1C=C[C@H](CC(=O)O)C1,EN300-37410618
1083,COc1ccc(C(N)CC(=O)O)c(Cl)c1,EN300-1966524
1084,Nc1ccc2cc(C(=O)O)ccc2c1,EN300-106380
1085,N[C@@H](Cc1cccc([N+](=O)[O-])c1)C(=O)O,EN300-316583
1086,NC1c2ccccc2CC1C(=O)O,EN300-126035
1087,Nc1cnc(Br)c(C(=O)O)c1,EN300-395859
1088,NC1CCOC(CC(=O)O)C1,EN300-27103628
1089,Cc1ccc(C(N)CC(=O)O)c(C)c1,EN300-1839073
1090,N[C@@H](CC(=O)O)C(=O)OCc1ccccc1,EN300-149943
1091,NC(CC(O)c1cccc(O)c1)C(=O)O,EN300-23940652
1092,Cc1oc(CN)nc1C(=O)O,EN300-24501038
1093,Cc1c(N)cc(C(=O)O)cc1F,EN300-145513
1094,Cc1ccc(N)c(C(=O)O)c1C,EN300-173117
1095,Nc1ncc(CC(=O)O)s1,EN300-147763
1096,Cc1ccc(N)c(C)c1C(=O)O,EN300-27103875
1097,Nc1ccn2ncc(C(=O)O)c2c1,EN300-145793
1098,NCCSCCC(=O)O,EN300-145799
1099,NCC(CO)CC(=O)O,EN300-123390
1100,Cc1c(N)ccc(C(=O)O)c1F,EN300-174649
1101,NC(C(=O)O)c1cccc(C(F)(F)F)c1F,EN300-1931393
1102,COc1ccc(C(N)CC(=O)O)cc1Cl,EN300-1985022
1103,COc1ccc(C(N)C(=O)O)c(OC)c1OC,EN300-1843029
1104,Nc1nc2cc(C(=O)O)ccn2n1,EN300-37274937
1105,Nc1sc2c(c1C(=O)O)CCCC2,EN300-27359
1106,NC1(C(=O)O)CC2(CCOC2)C1,EN300-37158247
1107,NCCn1cc(C(=O)O)cn1,EN300-37158329
1108,COc1ccc([C@H](N)CC(=O)O)cc1,EN300-25622119
1109,NC(Cc1ccc(O)cc1)C(=O)NC(Cc1ccccc1)C(=O)O,EN300-27106313
1110,Nc1ncc(C(=O)O)nn1,EN300-6488945
1111,NC(CCCF)C(=O)O,EN300-37430816
1112,NC12CCC(C(=O)O)(C1)OC2,EN300-37432051
1113,NC12CCC(C(=O)O)(CC1)OC2,EN300-37267179
1114,NCc1cccnc1C(=O)O,EN300-37278305
1115,CC[C@@H]1C[C@]1(N)C(=O)O,EN300-37430762
1116,CC(C)(C)C1CCC(N)(CC(=O)O)CC1,EN300-186722
1117,NC1(C(=O)O)CC(CO)(CO)C1,EN300-37431963
1118,NC(Cc1ccnc(Br)c1Br)C(=O)O,EN300-6763759
1119,Nc1ccc(CC(=O)O)c(F)c1,EN300-191249
1120,Cc1cc(C(=O)O)cc(F)c1N,EN300-37434603
1121,CC(C)(C(=O)O)C(N)c1ccccc1,EN300-99466
1122,NC(Cc1csc2ccccc12)C(=O)O,EN300-37273166
1123,Nc1cccc(C(=O)O)c1Cl,EN300-86388
1124,CCOc1cccc(C(N)CC(=O)O)c1,EN300-1826181
1125,Nc1cc(Br)c(F)c(C(=O)O)c1,EN300-178159
1126,Nc1n[nH]c(C(=O)O)c1Cl,EN300-92677
1127,CC1(C)CC(N)(C(=O)O)CCO1,EN300-37440227
1128,N[C@@H]1C[C@H](C(=O)O)C[C@@H]1O,EN300-28244282
1129,CN(C)C(=O)C[C@H](N)C(=O)O,EN300-28244501
1130,NCC[C@@H](O)C(=O)O,EN300-19117137
1131,Nc1c(F)cc(I)cc1C(=O)O,EN300-4323005
1132,NC1(C(=O)O)CS(=O)(=O)C1,EN300-6301696
1133,COC(=O)C[C@H](N)C(=O)O,EN300-67417
1134,Cc1c(C(=O)[O-])nc(N)n1C,EN300-27106363
1135,Nc1cc(F)cc(Br)c1C(=O)O,EN300-21632462
1136,Nc1c(C(=O)O)sc(Cl)c1Cl,EN300-37083608
1137,NCc1cn2cc(C(=O)O)ccc2n1,EN300-28244622
1138,Nc1nc2ncnn2cc1C(=O)O,EN300-748913
1139,NCCCC[C@H](O)C(=O)O,EN300-23609537
1140,COc1cc(N)cc(C(=O)O)c1,EN300-189898
1141,N[C@H]1C[C@@](C(=O)O)(C(F)(F)F)C1,EN300-27112974
1142,NC(C(=O)O)c1ccc(Cl)c(C(F)(F)F)c1,EN300-1928721
1143,NC(CCC1CC1)C(=O)O,EN300-37443090
1144,NC1CCC(C(=O)O)CCC1(F)F,EN300-7472580
1145,NC(CCOCc1ccccc1)C(=O)O,EN300-7491993
1146,NCCCC12CC(C(=O)O)(C1)C2,EN300-37417728
1147,NCC1(c2ccc(C(=O)O)cc2)CC1,EN300-7492546
1148,NCCn1cncc1C(=O)O,EN300-39872272
1149,NCC(CC(=O)O)c1cccc(O)c1,EN300-37450530
1150,Nc1nnc(Cl)cc1C(=O)O,EN300-37443497
1151,NC(Cc1cccc(F)c1)C(=O)O,EN300-749028
1152,[N-]=[N+]=Nc1ccc(C[C@H](N)C(=O)O)c(F)c1,EN300-7493476
1153,CCC(C)(N)CCC(=O)O,EN300-37442013
1154,Nc1ccc([N+](=O)[O-])c(C(=O)O)c1,EN300-98914
1155,NCCC(F)(F)CC(=O)O,EN300-7438527
1156,Nc1c(C(=O)O)cc(Br)cc1C(F)(F)F,EN300-7492110
1157,NC1(C(=O)O)CCc2c(F)cccc21,EN300-37442038
1158,N[C@@H](Cc1csc(Br)c1)C(=O)O,EN300-7492285
1159,NC1C2CC3C(C2)C13C(=O)O,EN300-7535012
1160,CC(N)(CC(=O)O)C1CCC1,EN300-7535031
1161,COc1cccc(C(N)C(=O)O)c1,EN300-7407284
1162,Nc1cc(C(=O)O)nc(Cl)n1,EN300-1610726
1163,Cc1ccc(CC(N)CC(=O)O)c(C)c1,EN300-7493935
1164,C[C@@H](CN)C(=O)O,EN300-7422058
1165,CC(N)C(C)(C)CC(=O)O,EN300-7494113
1166,Cn1cc(C(=O)O)c(CN)n1,EN300-7501890
1167,C[C@@H]1C[C@]1(N)C(=O)O,EN300-7494001
1168,CC(=O)NCCCCC(N)C(=O)O,EN300-7535119
1169,CC(=O)NCCCC[C@H](N)C(=O)O,EN300-7535121
1170,C[C@H](CN)C(=O)O,EN300-7588743
1171,NCc1cn[nH]c1C(=O)O,EN300-37455017
1172,NCCCN1CCN(CCC(=O)O)CC1,EN300-37007081
1173,NCc1cn2c(n1)C(C(=O)O)CCC2,EN300-37084806
1174,Cc1ccc(C[C@@H](N)CC(=O)O)cc1,EN300-7361114
1175,N[C@@H](CCC(F)F)C(=O)O,EN300-36971690
1176,CCC(N)(CC)CCC(=O)O,EN300-37081303
1177,CN(C)c1ccncc1C(N)C(=O)O,EN300-26982804
1178,NC(Cc1cocn1)C(=O)O,EN300-6491655
1179,CC1(CC[C@H](N)C(=O)O)N=N1,EN300-23000896
1180,COc1ccc(C[C@H](N)CC(=O)O)cc1,EN300-19074702
1181,CC(C)(C)C(C)(N)C(=O)O,EN300-7373205
1182,C[C@H](N)CC(=O)O,EN300-7391954
1183,NCC1(C(=O)O)CC2(CC(F)C2)C1,EN300-27685905
1184,NC(CC(=O)O)Cc1ccc([N+](=O)[O-])cc1,EN300-12646753
1185,Cc1ccc(C[C@H](N)CC(=O)O)cc1,EN300-7390078
1186,NC[C@H]1CC[C@H]1C(=O)O,EN300-27694066
1187,C[Si](C)(C)CC(CN)CC(=O)O,EN300-27695101
1188,Cc1c(F)cc(C(=O)O)c(F)c1N,EN300-37137772
1189,Cc1cc(/C=C/C(=O)O)cnc1N,EN300-1725707
1190,NC(Cc1nccc(O)n1)C(=O)O,EN300-6481904
1191,NCC12CC(C(=O)O)(C1)C1(CCOCC1)O2,EN300-6479149
1192,Cc1nn(CC(=O)O)cc1N,EN300-37267150
1193,NCc1ccc(-n2cnc3cc(C(=O)O)ccc32)cc1,EN300-6477518
1194,Nc1c(C(=O)O)ccc(Cl)c1O,EN300-2347423
1195,Nc1ccc(CCC(=O)O)cn1,EN300-2394683
1196,NCC(O)C(=O)O,EN300-95550
1197,C[C@@](N)(Cc1ccc(O)cc1)C(=O)O,EN300-37152115
1198,NC(C(=O)O)C1CCCC(C(F)(F)F)C1,EN300-6473199
1199,NC(C(=O)O)C(O)C1CC1,EN300-7492667
1200,COc1cc(N)cc(CC(=O)O)c1,EN300-7504228
1201,CC(C)(Cc1ccc(CN)cc1)C(=O)O,EN300-6474859
1202,NCc1ccc(CC(=O)O)cc1,EN300-6474504
1203,NC1(C(=O)O)CC2(CCOCC2)C1,EN300-7472011
1204,NC(C(=O)O)C1CC(F)(F)C1,EN300-22931090
1205,CC(C)(C)c1ccc(-n2ncc(C(=O)O)c2N)cc1,EN300-18631392
1206,Nc1ccccc1CC(=O)[O-],EN300-7853263
1207,Cn1nnnc1SCC1=C(C(=O)O)N2C(=O)[C@@H](N)[C@H]2SC1,EN300-6479202
1208,Cc1nc(C(C)N)oc1C(=O)O,EN300-7894076
1209,NC1(C(=O)[O-])c2ccccc2-c2ccccc21,EN300-37148767
1210,N[C@@H](CC12CC(C1)C2)C(=O)O,EN300-37152157
1211,Cc1cc(N)c(C)nc1C(=O)O,EN300-1726430
1212,NCC1(C(=O)O)CC1(F)F,EN300-6472541
1213,Nc1ccc2[nH]c(C(=O)O)cc2c1,EN300-1717697
1214,NCC1CCn2c(C(=O)O)cnc2C1,EN300-37272993
1215,Cc1cc(C(=O)O)c(F)cc1N,EN300-6477259
1216,N[C@@H](CSSCCO)C(=O)O,EN300-7502957
1217,NC1CN(CC(=O)O)C1,EN300-7541141
1219,NC(Cc1ccc(F)cc1F)C(=O)O,EN300-22941777
1220,Cc1c(N)ccnc1C(=O)O,EN300-6827049
1221,CC(N)(Cc1ccccn1)C(=O)O,EN300-27698906
1222,C[C@H]1c2cc(C(=O)O)ccc2O[C@H]1CN,EN300-7537259
1223,Cc1nn(CC(=O)O)cc1N,EN300-762624
1224,NC1(C(=O)O)CC(O)C12CCC2,EN300-7542762
1225,N[C@H]1c2ccccc2CC[C@H]1C(=O)O,EN300-7542306
1226,Cc1snc(N)c1C(=O)O,EN300-344147
1227,Cn1nc(CN)cc1C(=O)O,EN300-25642268
1228,CC(CC(=O)O)C(C)(C)N,EN300-7376326
1229,NC1CC(C(=O)O)(C(F)F)C1,EN300-37139093
1230,N[C@@H](CCCCn1cccc1)C(=O)O,EN300-8640211
1231,Nc1c(C(=O)O)cnc(Cl)c1F,EN300-28228598
1232,CC(C)c1ccc2oc3nc(N)c(C(=O)O)cc3c(=O)c2c1,EN300-7361924
1233,Nc1ccc2nccnc2c1C(=O)O,EN300-27755217
1234,CC(C)[C@H](N)C(=O)N[C@H](C)C(=O)O,EN300-7431139
1235,NCCCOCCCC(=O)O,EN300-37113983
1236,NCc1cc2ccc(C(=O)O)cc2o1,EN300-37114017
1237,CC12CC(CN)(C1)C(C(=O)O)O2,EN300-37267602
1238,CC(CC(=O)O)N1CCCC(N)C1,EN300-26860602
1239,N[C@H](CC1CCC(F)(F)C1)C(=O)O,EN300-1299552
1240,Nc1cnc(F)cc1C(=O)O,EN300-112145
1241,NCc1cn2c(n1)CCCC2C(=O)O,EN300-37158297
1242,Nc1cc(C(=O)O)cc(-c2ccccc2F)c1,EN300-18859207
1243,NC(C(=O)O)c1ccc(C(F)(F)F)cc1,EN300-343431
1244,COc1nc(C(=O)O)ccc1N,EN300-137888
1245,NCCn1cc(C(=O)O)cn1,EN300-21045022
1246,Nc1sc2ccccc2c1C(=O)O,EN300-143486
1247,Nc1ccc(C(F)(F)F)c(C(=O)O)c1,EN300-62331
1248,CSc1nc(N)c(C(=O)O)s1,EN300-143906
1249,CC(C)c1cc(C(=O)O)c(N)s1,EN300-144497
1250,NC(C(=O)O)c1ccc(O)cc1F,EN300-37152308
1251,CC[C@H](N)C(=O)O,EN300-86145
1252,Cc1cc(C(=O)O)c(Br)cc1N,EN300-268470
1253,NC(Cc1cccnc1)C(=O)O,EN300-6480558
1254,Nc1c(Cl)c(Cl)nc(C(=O)O)c1Cl,EN300-17244
1255,NC(=O)c1ccnc(NCC(=O)O)c1,EN300-53575
1256,Nc1nc(Cl)cc(Cl)c1C(=O)O,EN300-246346
1257,CC(O)(CN)CC(=O)O,EN300-249107
1258,COc1cc(CCC(=O)O)ccc1N,EN300-171319
1259,Nc1ccc(CC(F)C(=O)O)cc1,EN300-26977932
1260,Nc1ccc(C(=O)O)c(C(F)F)c1,EN300-367778
1261,N[C@@H](C(=O)O)C1=CCC=CC1,EN300-6491563
1262,NC(CC1CCOC1)C(=O)O,EN300-6487638
1263,NC(Cc1cc(Cl)sc1Cl)C(=O)O,EN300-6487641
1264,Nc1cc(CC(=O)O)c(Br)cc1[N+](=O)[O-],EN300-385184
1265,Nc1cccc(C(=O)O)c1C(F)F,EN300-6509377
1266,COc1ccc(C(=O)O)c(N)c1Br,EN300-214169
1267,NC(Cc1cscn1)C(=O)O,EN300-6489979
1268,NCc1cccc2ccc(C(=O)O)cc12,EN300-6488466
1269,NC(Cc1cnsn1)C(=O)O,EN300-6492878
1270,Cc1c(N)cc(O)cc1C(=O)O,EN300-6493112
1271,N[C@H]1CC=CC[C@H]1C(=O)O,EN300-6493251
1272,CN(C)CC(C)(N)C(=O)O,EN300-1258371
1273,CC12CC3(C)CC(N)(C1)CC(C(=O)O)(C2)C3,EN300-1608894
1274,Nc1c(C(=O)O)cnn1-c1cccc(F)c1,EN300-6482350
1275,Nc1cc(C(=O)O)nn1-c1ccc(F)cc1,EN300-6480821
1276,NCC1(C(=O)O)CC2CCC1C2,EN300-6481336
1277,Nc1ccc(C(=O)O)cc1-c1nccs1,EN300-6489889
1278,NCc1ccccc1C(=O)O,EN300-6493786
1279,CC(C)=C(C)C(N)C(=O)O,EN300-6486661
1280,NC(Cc1cc(Cl)nc(Cl)c1)C(=O)O,EN300-6490838
1281,Nc1cc2[nH]cnc2cc1C(=O)O,EN300-3011702
1282,CSc1ccc(Cl)c(CC(N)C(=O)O)c1,EN300-6494588
1283,NCCC(C(=O)O)c1c[nH]nc1C(F)(F)F,EN300-6494018
1284,NC1(C(=O)O)CCCC2CC21,EN300-6487200
1285,CCOc1cccc(C(=O)O)c1N,EN300-2561252
1286,Cc1cc(C(=O)O)ncc1N,EN300-6496363
1287,COc1ccc(CC(CCCN)C(=O)O)cc1,EN300-6482945
1288,NCc1cccc(-c2cccc(C(=O)O)c2)c1,EN300-6486563
1289,NC1CC2(C1)CC2C(=O)O,EN300-6497217
1290,CCc1cc(N)ccc1C(=O)O,EN300-112088
1291,Cc1cc(C(=O)O)c(Cl)cc1N,EN300-140305
1292,NCc1cc(C(=O)O)co1,EN300-152045
1293,Nc1c(C(=O)O)cc(F)c(Br)c1F,EN300-3122620
1294,Nc1cc(O)nc(C(=O)O)c1,EN300-1723755
1295,COc1cc([N+](=O)[O-])c(C(=O)[O-])cc1N,EN300-6490774
1296,Nc1cncc(C(=O)O)n1,EN300-332342
1297,N[C@H](CCSC(F)(F)F)C(=O)O,EN300-6490830
1298,NC(Cc1cncc(F)c1)C(=O)O,EN300-6490884
1299,CC(C)C(N)(C(=O)O)C(F)(F)F,EN300-2625364
1300,Nc1c(F)cc(F)c(F)c1C(=O)O,EN300-3030724
1301,NCc1ccccc1-c1ccc(C(=O)O)cc1,EN300-6474494
1302,CC(C)(F)C[C@H](N)C(=O)O,EN300-1300058
1303,Nc1ncc2c(n1)CCC(C(=O)O)C2,EN300-1708823
1304,Nc1cc(-c2ccccc2)nn1CC(=O)O,EN300-222036
1305,N[C@H]1c2ccccc2C[C@H]1C(=O)O,EN300-1723015
1306,Nc1cc(C(=O)O)cc(C(F)F)c1,EN300-6509378
1307,CC(=O)NCCCC[C@@H](N)C(=O)O,EN300-7535120
1308,N[C@H]1C[C@@](C(=O)O)(c2cccc(F)c2)C1,EN300-44829631
1309,Nc1ccc(C2(C(=O)O)CCC2)cc1,EN300-45728484
1310,NCCCC/C=C/C(=O)O,EN300-26983451
1311,CCC(C)(C)CC[C@H](N)C(=O)O,EN300-45185836
1312,NCc1ccc2nc(C(=O)O)cn2c1,EN300-27102662
1313,NCc1cc(C(=O)O)on1,EN300-46137938
1314,CC(C)(CC(=O)O)c1ccc(N)cc1,EN300-46317941
1315,NC(Cc1cccnc1Cl)C(=O)O,EN300-45411382
1316,CC1(CC(N)C(=O)O)CCC1,EN300-46370833
1317,Cc1ccc([C@H](N)CC(=O)O)o1,EN300-45428541
1318,N[C@H](CC(=O)O)c1ccc(Cl)cc1Br,EN300-45556302
1319,NCC12COCC(C(=O)O)(C1)C2,EN300-46422343
1320,CC(N)CCC=CCC(=O)O,EN300-37265693
1321,COCC(C)(N)CC(=O)O,EN300-6493628
1322,NC1CCCc2c(C(=O)O)cccc21,EN300-26983301
1323,Cc1nn(C)c(N)c1C(=O)O,EN300-117666
1324,NCCOCCOc1ccc(C(=O)O)cc1,EN300-46822967
1325,Cn1nc(N)c2c1CC(C(=O)O)CC2,EN300-46878373
1326,N[C@@H](C(=O)O)C(c1ccccc1)c1ccccc1,EN300-6473070
1327,Cn1nnc(C(=O)O)c1N,EN300-299023
1328,Cc1cc(N)cnc1C(=O)O,EN300-6498287
1329,NC(Cc1cncc(O)c1)C(=O)O,EN300-6498667
1330,N[C@H](C(=O)O)C(c1ccccc1)c1ccccc1,EN300-6473088
1331,N[C@@H](Cn1oc(=O)[nH]c1=O)C(=O)O,EN300-6498825
1332,N[C@@H](Cc1cnsn1)C(=O)O,EN300-6499177
1333,NC(CC1CCCO1)C(=O)O,EN300-371651
1334,Nc1cccc(C(=O)O)c1C(F)(F)F,EN300-46241775
1335,N[C@@H](Cc1cccnn1)C(=O)O,EN300-46317228
1336,CC(C)(N)c1nccc(C(=O)O)n1,EN300-46156274
1337,NCc1cc2cc(C(=O)O)ccc2o1,EN300-46464475
1338,Nc1nn2c(c1C(=O)[O-])CCCC2,EN300-46479426
1339,NCCCCC(CC(F)(F)F)C(=O)O,EN300-6496375
1340,N[C@H]1CC[C@H](CC(=O)O)C1,EN300-46176595
1341,N[C@]1(C(F)(F)F)CC[C@H](C(=O)O)CC1,EN300-189052
1342,NC(C(=O)O)c1cc(F)ccc1C(F)(F)F,EN300-45169543
1343,CS(=O)(=O)CC[C@@H](N)CC(=O)O,EN300-46554324
1344,CCC(C)C(C)(N)C(=O)O,EN300-6505168
1345,NC1CC2(CCC(C(=O)O)CC2)C1,EN300-6512647
1346,NC(Cc1nc[nH]n1)C(=O)O,EN300-6503802
1347,[N-]=[N+]=NC[C@@H](N)C(=O)O,EN300-6730697
1348,NC/C=C/C(=O)O,EN300-6730719
1349,NCc1ccc(C(=O)O)cc1O,EN300-6504522
1350,NCCC(F)C(=O)O,EN300-6526688
1351,CC(C)C[C@@H](N)C(=O)N[C@H](C(=O)O)C(C)C,EN300-6729065
1352,CC(C)C[C@H](N)C(=O)N[C@@H](C(=O)O)C(C)C,EN300-6729067
1353,NC(Cc1cc(Cl)cnc1Cl)C(=O)O,EN300-6730176
1354,Cn1c(N)nnc1SCC(=O)O,EN300-6730639
1355,CN(C)c1cc(CC(N)C(=O)O)ccn1,EN300-6730939
1356,C[C@H]1C[C@]1(CN)C(=O)O,EN300-6501504
1357,Nc1ccc(F)c(C(=O)O)c1F,EN300-217750
1358,Cc1cc(Cl)cc(C(=O)O)c1N,EN300-305370
1359,NC(C(=O)O)C1(C(F)(F)F)CCC1,EN300-6512892
1360,NC1CCOC(C(=O)O)C1,EN300-1722345
1361,N[C@H](Cc1ccc(Cl)cc1)C(=O)O,EN300-366578
1362,Cc1ccc([C@@H](N)CC(=O)O)cc1,EN300-8666097
1363,Cc1ccc([C@H](N)CC(=O)O)cc1,EN300-8679747
1364,NC1(C(=O)O)CCC2CC21,EN300-2010006
1365,N[C@H](Cc1cnsn1)C(=O)O,EN300-6499176
1366,Nc1c(C(=O)O)cc(F)c(F)c1F,EN300-1387116
1367,CC1(C)C(CN)CC(C(=O)O)S1(=O)=O,EN300-6733008
1368,COc1cc(C(=O)O)c(N)cn1,EN300-6498438
1369,CC(C)(C)c1ccc2c(N)c(C(=O)O)sc2n1,EN300-6732587
1370,Nc1cc(C(=O)O)ncc1F,EN300-6733274
1371,Nc1ccsc1C(=O)O,EN300-99433
1372,CC(C)(ON)C(=O)O,EN300-6732766
1373,Nc1nccc(C(F)(F)F)c1C(=O)O,EN300-6743502
1374,CC(C)C(C)(N)C(=O)O,EN300-206248
1375,Nc1cnc(C(=O)O)cn1,EN300-151129
1376,NC(Cc1cc(Br)sc1Br)C(=O)O,EN300-6735850
1377,NCC(CC(C(=O)O)C(F)(F)F)C(F)(F)F,EN300-6734022
1378,NC(CCc1cn[nH]c1)C(=O)O,EN300-6739178
1379,NC1CCCC(C(=O)O)CC1,EN300-6734522
1380,N[C@@H](COC1CCCC1)C(=O)O,EN300-6734934
1381,CC(C)(C(=O)O)c1cccc(N)c1,EN300-6734517
1382,Nc1ccc(C(=O)O)c2cnccc12,EN300-6734546
1383,C[C@@H](OCc1ccccc1)[C@H](N)C(=O)O,EN300-258158
1384,NCc1ocnc1C(=O)O,EN300-325806
1385,NCCC1(C(=O)O)CCC1,EN300-6738184
1386,NC1CCc2nc(C(=O)O)cn2C1,EN300-6746762
1387,COc1cc(C(=O)O)ccc1N,EN300-128563
1388,COC(=O)[C@@H](N)CC(=O)O,EN300-244995
1389,N[C@@H](CC(=O)O)c1cccc(Cl)c1,EN300-6737780
1390,NC(Cc1ncsc1Cl)C(=O)O,EN300-6739541
1391,NC(C(=O)O)c1cccc(F)c1,EN300-6738609
1392,NC(CC(=O)O)c1ccc(OCc2ccccc2)c(Br)c1,EN300-6502392
1393,Nc1ccc(C(=O)O)c(Cl)n1,EN300-1663199
1394,NC(Cc1ccc(O)c(O)c1)C(=O)O,EN300-52489
1395,Cc1ccc(N)c(NC(=O)NCC(=O)O)c1,EN300-6736731
1396,CCC(F)(F)C(N)C(=O)O,EN300-1709557
1397,CC(C)C(F)(F)C(N)C(=O)O,EN300-6739272
1398,N[C@@H](Cc1ccccc1Br)C(=O)O,EN300-385827
1399,Nc1scnc1C(=O)O,EN300-146379
1400,Nc1nc(-c2ccoc2)ncc1C(=O)O,EN300-5317616
1401,NC1CCCn2cc(C(=O)O)nc21,EN300-6740320
1402,Nc1nccn2ncc(C(=O)O)c12,EN300-6512797
1403,CC(C)Oc1cc(N)ccc1C(=O)O,EN300-2836698
1404,CC(Oc1cccc(N)c1)C(=O)O,EN300-2561295
1405,NC1CCN(c2ccccc2C(=O)O)CC1,EN300-75022
1406,NCC1(C(=O)O)COC1,EN300-6487727
1407,Nc1nc2ncc(C(=O)O)cc2o1,EN300-6497576
1408,CC(C)(O)[C@H](N)C(=O)O,EN300-703157
1409,CC(N)(CC(=O)O)C(F)(F)F,EN300-7426233
1410,Nc1c(O)cccc1C(=O)O,EN300-98786
1411,NC12CC3CC(C1)CC(CC(=O)O)(C3)C2,EN300-7355578
1412,N[C@@H](CCOC(F)(F)F)C(=O)O,EN300-7356412
1413,NCCC(F)(F)C(=O)O,EN300-6744180
1414,[2H]C([2H])(N)C([2H])([2H])SC(C)CC(=O)O,EN300-742038
1415,COc1cc(N)c(C(=O)NCCC(=O)O)cc1OC,EN300-7427007
1416,Nc1c(O)c(Br)cc(Br)c1C(=O)O,EN300-6192223
1417,NC(CNS(=O)(=O)c1ccnc(Br)c1)C(=O)O,EN300-7425433
1418,CC1(C)[C@H](c2n[nH]c(N)n2)[C@@H]1C(=O)O,EN300-7431759
1419,NC[C@H]1CC[C@H](CC(=O)O)CC1,EN300-7361421
1420,Cn1c(N)nc2cc(C(=O)O)ccc21,EN300-2697580
1421,Nc1ccc(C(=O)O)nc1C(F)(F)F,EN300-7426070
1422,N[C@@H]1C(=O)N2C(C(=O)O)=C(CO)CS[C@H]12,EN300-6748554
1423,Nc1c(C(=O)O)cnn1-c1ccc([N+](=O)[O-])cc1,EN300-144394
1424,COc1ccc(C(N)CC(=O)O)cc1Br,EN300-1723136
1425,CC(C)(CN)C(=O)N[C@@H](Cc1ccc(O)cc1)C(=O)O,EN300-7432382
1426,NC1(C(=O)O)CCOC1,EN300-7353169
1427,CC(N)(CC(=O)O)C(F)(F)C(F)(F)F,EN300-7427552
1428,CC(C)c1[nH]nc(C(=O)O)c1N,EN300-7433074
1429,NCCC(=O)NC(Cc1ccc(O)cc1)C(=O)O,EN300-7434319
1430,NC1(C(=O)O)CCCOC1,EN300-7430097
1431,NC1(CC(=O)O)C2CC3CC(C2)CC1C3,EN300-7434474
1432,NC[C@]1(F)CC[C@@H](C(=O)O)C1,EN300-7355784
1433,Nc1ccc(C(=O)O)cc1C(F)(F)F,EN300-109439
1434,Nc1ccc2c(C(=O)O)cccc2c1,EN300-307361
1435,Cc1cccc2c(CC(N)C(=O)O)c[nH]c12,EN300-369980
1436,Nc1c(C(=O)O)ccc(F)c1F,EN300-112363
1437,Cn1cc(N)cc1C(=O)O,EN300-7355579
1438,NC(CCCC(=O)O)c1ccccc1,EN300-7434092
1439,COC(=O)c1cccc(C(N)C(=O)O)c1,EN300-7354818
1440,NC(C(=O)O)c1ccc(CCl)cc1,EN300-7355087
1441,NC(C(=O)O)C1CC=CCC1,EN300-6749031
1442,Cc1cccc2c(CC(N)C(=O)O)coc12,EN300-7430403
1443,CC(N)C(C)c1ccc(C(=O)O)o1,EN300-5825885
1444,Nc1nc(N2CCC(C(=O)O)C2)n[nH]1,EN300-6759006
1445,NCc1cc2cc(C(=O)O)cnc2[nH]1,EN300-7435324
1446,NC1(C(=O)O)CC(C2CCC2)C1,EN300-6766578
1447,NC1(C(=O)O)CC2(CC(F)(F)C2)C1,EN300-6505026
1448,NC(Cc1ncns1)C(=O)O,EN300-7431963
1449,Nc1ccc2c(c1)C(C(=O)O)CCC2,EN300-6760231
1450,NC(Cc1cnc[nH]c1=O)C(=O)O,EN300-7354261
1451,NC(Cc1cc(C(F)(F)F)cnc1Cl)C(=O)O,EN300-6764665
1452,NC12COC(C(=O)O)(C1)C2,EN300-6764720
1453,[N-]=[N+]=NCC(N)C(=O)O,EN300-6758607
1454,Nc1cc(C(=O)O)ccc1N1CCCCC1,EN300-7373678
1455,CCc1ccc(C(N)(CC)C(=O)O)cc1,EN300-7432632
1456,Cc1c(Cl)sc(Cl)c1S(=O)(=O)NCC(N)C(=O)O,EN300-7432710
1457,NC1(C(=O)O)CCCC2(CCC2)C1,EN300-7433065
1458,Nc1csc(C(=O)[O-])n1,EN300-7430013
1459,CC(C)(C)C1CC(N)(C(=O)O)C1,EN300-6764494
1460,Nc1c(C(=O)O)ccc(Cl)c1O,EN300-222755
1461,NCCC1(CC(=O)O)CCCCC1,EN300-233551
1462,C=CC(N)CCC(=O)O,EN300-245587
1463,Nc1cc(Cl)nc(C(=O)O)c1Br,EN300-257735
1464,NCc1nocc1C(=O)O,EN300-261295
1465,NC1CC2(C1)CC(C(=O)O)C2,EN300-88464
1466,Nc1ccc(C(=O)O)cc1OCCCO,EN300-315500
1467,CC(N)[C@@H]1C[C@H](C(=O)O)C1(C)C,EN300-817139
1468,CC(N)(C(=O)O)C(F)F,EN300-1702907
1469,NC1(C(=O)O)CC12CC2,EN300-7659961
1470,N[C@@H](Cc1ccc(O)c(O)c1)C(=O)O,EN300-52637
1471,Nc1ccc(C(O)C(=O)O)cc1,EN300-7460951
1472,CC(C)(N)c1nocc1C(=O)O,EN300-736814
1473,C=CCCCC(N)C(=O)O,EN300-717528
1474,CC(CN)(CC(=O)O)c1ccc(F)c(Br)c1,EN300-7440287
1475,CC(C)n1nc(C(F)(F)F)c(N)c1C(=O)O,EN300-7463095
1476,NC(C(=O)O)(C1CC1)C1CC1,EN300-7440629
1477,CC1(C)S[C@@H]2[C@H](N)C(=O)N2[C@H]1C(=O)O,EN300-114057
1478,NCC12CCC(C(=O)O)(CO1)C2,EN300-7465365
1479,NC(Cc1cccc(C(F)(F)F)c1F)C(=O)O,EN300-7444474
1480,NCC12CC(C(=O)O)(CCO1)C2,EN300-7461040
1481,Nc1c(C(F)(F)F)nn(C2CC2)c1C(=O)O,EN300-7461190
1482,N[C@H]1C[C@@H](CC(=O)O)C1,EN300-7393345
1483,NCCc1c[nH]c2c(C(=O)O)cccc12,EN300-7436366
1484,C/C=C/CC(N)C(=O)O,EN300-7442425
1485,Cn1cc(CC[C@H](N)C(=O)O)cn1,EN300-7442495
1486,NC(Cc1ccc[n+]([O-])c1)C(=O)O,EN300-7444704
1487,CCCc1nsc(N)c1C(=O)O,EN300-742123
1488,NCc1csc(C(=O)O)c1,EN300-7443289
1489,NCCC(C(=O)O)c1cn[nH]c1,EN300-7444113
1490,Cn1cc(CCC(N)C(=O)O)cn1,EN300-7444862
1491,N[C@@H](CCc1cn[nH]c1)C(=O)O,EN300-7442496
1492,CC(C)(CN)C(=O)N[C@@H](Cc1ccc(O)cc1)C(=O)O,EN300-7463253
1493,Nc1ccc(C2(C(=O)O)CC2)c(F)c1,EN300-7443026
1494,NC1(C(=O)O)CC2(CCCCC2)C1,EN300-7463894
1495,C[C@@H](N)c1ccc(C(=O)O)cc1,EN300-7411912
1496,N[C@H](Cc1cc(Cl)ccc1F)C(=O)O,EN300-7443103
1497,Cc1cc(C(=O)O)cc(N)c1O,EN300-1700538
1498,NC1CCN(CC(=O)O)C1,EN300-7465155
1499,Nc1c(Br)cncc1C(=O)O,EN300-1719871
1500,N[C@H](CC(=O)O)c1cccc2ccccc12,EN300-7387002
1501,Nc1c(C(=O)[O-])cnc2ncnn12,EN300-6474574
1502,NCc1nn2c(c1C(=O)O)CCC2,EN300-7465463
1503,NC(CCn1cnc2ccccc21)C(=O)O,EN300-7465689
1504,Cc1nnc(CC(N)C(=O)[O-])n1C,EN300-7445110
1505,NCC12CC(C(=O)O)(C1)C1(CCC1)O2,EN300-6473265
1506,CCC[C@H](N)CC(=O)O,EN300-1610769
1507,N[C@H](Cc1cccc(Br)c1)C(=O)O,EN300-1297447
1508,COC1CC(N)(C(=O)O)C1,EN300-1702655
1509,Cc1cc(C(=O)O)ccc1N,EN300-26464
1510,Nc1ccc(C(=O)O)nc1F,EN300-395981
1511,NC1(C(=O)O)CC(Cc2ccccc2)C1,EN300-37440648
1512,NC(CC(=O)O)c1cccc([N+](=O)[O-])c1,EN300-1855133
1513,NCC12CC(CC1C(=O)O)C2,EN300-37440658
1514,Nc1cc(C(=O)O)cc2c1OCC2,EN300-7442626
1515,CC1CCCC(C(N)C(=O)O)C1,EN300-7442852
1516,CN(CCC(=O)O)c1ccc(N)cc1,EN300-37269294
1517,Cn1nnc(CC(N)C(=O)O)n1,EN300-7445315
1518,CCCC(CN)(CCC)C(=O)O,EN300-7447588
1519,CCC(C)C(N)C(=O)O,EN300-7459542
1520,CC1=C(C(=O)O)N2C(=O)[C@@H](N)[C@H]2SC1,EN300-88378
1521,Nc1nnn(-c2ccccc2)c1C(=O)O,EN300-1698817
1522,NCC(C(=O)O)c1ccc(Cl)cc1,EN300-7455613
1523,N[C@H]1COC[C@H]1n1cc(C(=O)O)nn1,EN300-7437205
1524,N[C@]1(C(=O)O)C[C@H]1C(F)(F)F,EN300-7459920
1525,NC(CC(=O)O)c1cc([N+](=O)[O-])ccc1F,EN300-7460008
1526,N[C@@H](Cc1cc(Cl)ccn1)C(=O)O,EN300-7439057
1527,NCC(Oc1cccc(F)c1F)C(=O)O,EN300-37440838
1528,N[C@H](CC1CCC1)C(=O)O,EN300-7459470
1529,NC1CC1C1CC1C(=O)O,EN300-7459942
1530,Nc1ccc(C2(C(=O)O)CCCCC2)cc1,EN300-7444549
1531,N[C@@H](CC1CCCCCC1)C(=O)O,EN300-135144
1532,Cc1c(N)cnn1CC(=O)O,EN300-136166
1533,Cc1nc(CN)sc1C(=O)O,EN300-70174
1534,CN(C)c1ccc(N)c(C(=O)O)c1,EN300-70662
1535,Nc1cc(F)c(N2CC3CCC2C3)cc1C(=O)O,EN300-82878
1536,CCC(N)(C(=O)O)c1ccccc1,EN300-71336
1537,NC1(C(=O)O)CCCCCC1,EN300-39474
1538,Nc1c(F)cc(F)cc1C(=O)O,EN300-118500
1539,NC1(C(=O)O)CCCN(Cc2ccccc2)C1,EN300-147922
1540,Nc1ccc(OCC(F)(F)F)c(C(=O)O)c1,EN300-72919
1541,NC(CCCc1ccccc1)C(=O)O,EN300-74166
1542,Nc1nn(CC(F)F)cc1C(=O)O,EN300-233057
1543,Cc1ccccc1CC(N)C(=O)O,EN300-170412
1544,Cc1ncsc1C(N)C(=O)O,EN300-170413
1545,Nc1c(C(=O)O)cnn1-c1ccccc1,EN300-121830
1546,NC1CCN(Cc2ccc(C(=O)O)s2)CC1,EN300-92370
1547,Nc1c(C(=O)O)ccnc1F,EN300-172128
1548,Cc1cc(N)nn1CC(=O)O,EN300-92733
1549,Nc1ccn(Cc2ccc(C(=O)O)o2)n1,EN300-92862
1550,NCC1CC(C(=O)O)=NO1,EN300-1081937
1551,Cn1cc(N)c(SCC(=O)O)n1,EN300-1082874
1552,CC(C)CC(N)C(O)C(=O)O,EN300-322675
1553,CCC(CC)C(N)C(=O)O,EN300-93284
1554,Cn1cc(C(=O)O)c(N)n1,EN300-93882
1555,CC(C)(C)[C@H](N)C(=O)N1C[C@H](O)C[C@H]1C(=O)O,EN300-226056
1556,Cc1ccc(N)c(C(=O)O)c1F,EN300-226195
1557,Nc1nc(C2CCCC2)ncc1C(=O)O,EN300-127436
1558,N[C@H](Cc1ccncc1)C(=O)O,EN300-77285
1559,Nc1nc2ccc(C(=O)O)cc2o1,EN300-78404
1560,NCc1ccc(C(=O)O)o1,EN300-95092
1561,NC1(C(=O)O)CCc2cc(Br)ccc2C1,EN300-133504
1562,Nc1c(C(=O)O)cnn1-c1cc(F)ccc1Cl,EN300-191871
1563,Nc1ccc(C(=O)O)nc1,EN300-67214
1564,CC(C)C(N)C(=O)NC(Cc1ccccc1)C(=O)O,EN300-79705
1565,NC1(C(=O)O)CCOCC1,EN300-96666
1566,C=CC[C@@H](N)C(=O)O,EN300-103312
1567,NCC1(CC(=O)O)CCS(=O)(=O)CC1,EN300-192987
1568,NC(C(=O)O)c1ccc(I)cc1,EN300-193434
1569,Cc1cc(NC(=O)CSCC(N)C(=O)O)no1,EN300-80563
1570,Nc1cc(Cl)c(Cl)c(C(=O)O)c1,EN300-97261
1571,C=CC[C@H](N)C(=O)O,EN300-98242
1572,CC1(C)CCC(N)(C(=O)O)C1,EN300-204432
1573,Cc1cc(C)n(CC(N)C(=O)O)n1,EN300-136049
1574,Cc1oc(CN)cc1C(=O)O,EN300-197676
1575,CC(C)Oc1c(N)cccc1C(=O)O,EN300-198436
1576,Nc1ccc(/C=C/C(=O)O)cc1,EN300-364765
1577,N[C@@H]1[C@@H]2CC[C@H]1C[C@H](C(=O)O)C2,EN300-37451398
1578,NC1CCN(CC(=O)O)CC1,EN300-136800
1579,CC(CN)(CO)CC(=O)O,EN300-157407
1580,Nc1ccc(Br)c(F)c1C(=O)O,EN300-157652
1581,C=Cn1ncc(C(=O)O)c1N,EN300-1721830
1582,CN(C)CCCC(C)(N)C(=O)O,EN300-262960
1583,Nc1cccc(C(=O)O)c1Br,EN300-111970
1584,NC(Cc1c[nH]c2cccnc12)C(=O)O,EN300-199630
1585,NC1(C(=O)O)CC1,EN300-57568
1586,Nc1cc(C(=O)O)cc(Br)n1,EN300-263685
1587,CCC(Cc1ccc(N)cc1)C(=O)O,EN300-138808
1588,Nc1nc(C(=O)O)cnc1Br,EN300-396702
1589,NCCCCCCCCCCCC(=O)O,EN300-21176
1590,CCC(N)C(=O)O,EN300-21289
1591,COc1cc(C[C@H](N)C(=O)O)ccc1O,EN300-321078
1592,NC1(C(=O)O)C2CC3CC(C2)CC1C3,EN300-43496
1593,NC1(C(=O)O)CCSC1,EN300-43622
1594,Nc1ccn(CCC(=O)O)n1,EN300-245911
1595,N[C@H](CF)C(=O)O,EN300-7436902
1596,COc1cc(N)c(C(=O)O)cc1Cl,EN300-196899
1597,Nc1cc(O)c(F)c(C(=O)O)c1,EN300-7437781
1598,Cc1nnc(C[C@H](N)C(=O)O)o1,EN300-373655
1599,N[C@@H](Cc1cc(Cl)ccc1F)C(=O)O,EN300-7437742
1600,CC(C)(C)C[C@H](N)C(=O)O,EN300-7437854
1601,N[C@@H](Cc1c[nH]cn1)C(=O)O,EN300-74584
1602,CCC[C@H](N)C(=O)N[C@@H](Cc1ccc(O)cc1)C(=O)O,EN300-7437998
1603,NC(CC(=O)O)c1c(F)cccc1F,EN300-295794
1604,Nc1ccc(OC(F)F)c(C(=O)O)c1,EN300-147988
1605,CC(C)C(N)C(=O)O,EN300-17973
1606,COc1ccc(C(N)C(=O)O)cc1OC,EN300-49392
1607,NCC(C(=O)O)c1cc(F)ccc1F,EN300-7438236
1609,CC(CC(F)(F)F)C(N)C(=O)O,EN300-37451292
1610,NC(Cc1ccncc1)C(=O)O,EN300-148181
1611,Nc1nncc(-c2cccc(C(=O)O)c2)n1,EN300-6758668
1612,Nc1cnc(Br)cc1C(=O)O,EN300-125585
1613,COc1cccc(CC(N)C(=O)O)c1,EN300-52123
1614,NCc1ncn(CC(=O)O)n1,EN300-7428178
1615,Nc1nc2sc(C(=O)O)cc2s1,EN300-255512
1616,NC(C(=O)O)c1ccc2c(c1)CCO2,EN300-761422
1617,CC(C)(N)c1cc(C(=O)O)no1,EN300-37313404
1618,NC[C@H](O)C(=O)O,EN300-112001
1619,N#Cc1ccc(C(=O)O)c(N)c1,EN300-108005
1620,CC(C)(CN)CC(=O)O,EN300-153133
1621,CC(=O)N1CCC(N)(CC(=O)O)CC1,EN300-186705
1622,Cn1cc(C(=O)O)c(-c2ccc(N)cc2)n1,EN300-53128
1623,NCc1ncc(C(=O)O)c(C(F)F)n1,EN300-7435005
1624,COc1ccc(Cl)c(C(=O)O)c1N,EN300-62237
1625,NC(Cn1cccc1)C(=O)O,EN300-313432
1626,N[C@@H](Cc1ccc(OC(F)F)cc1)C(=O)O,EN300-7436759
1627,CC(C)(C)OC(=O)[C@@H](N)CCC(=O)O,EN300-260313
1628,NC[C@@H](CC(=O)O)c1ccccc1,EN300-7407308
1629,NC(Cc1ccc(Cl)cc1)C(=O)O,EN300-112373
1630,NC(Cc1cc2cc(F)ccc2[nH]1)C(=O)O,EN300-11797355
1631,NC(CO)CC1CC1C(=O)O,EN300-37297256
1632,Nc1nc(CCC(=O)O)c[nH]1,EN300-6859900
1633,NC(Cc1cc(=O)[nH]c2ccccc12)C(=O)O,EN300-7370783
1634,COc1cc(C(C)(C)C(=O)O)ccc1N,EN300-9540101
1635,NC(CC1CCCC1)C(O)C(=O)O,EN300-202199
1636,N[C@H]1C[C@@](C(=O)O)(c2ccccc2)C1,EN300-37457621
1637,NC1(C(=O)O)C2CCCC21,EN300-37098862
1638,Nc1cccc2ccc(C(=O)O)cc12,EN300-116573
1639,C[C@@](N)(C(=O)O)C(F)(F)F,EN300-7712138
1640,Cc1cc(C(=O)O)c(C)cc1N,EN300-367153
1641,NC[C@]1(F)CC[C@@H](C(=O)O)CC1,EN300-7492008
1642,NC(Cc1cc(I)ccc1F)C(=O)O,EN300-7471537
1643,CO[C@]1(C(F)(F)F)C[C@@](N)(C(=O)O)C1,EN300-7472078
1644,NCC(C(=O)O)c1c[nH]c2ccccc12,EN300-7491859
1645,N[C@@H](Cc1cc(F)cc(F)c1)C(=O)O,EN300-317012
1646,NCC12CC(C1)C(C(=O)O)O2,EN300-27081539
1647,NC1CN(c2ncc(C(=O)O)cn2)C1,EN300-27736063
1648,N[C@H](CC(=O)O)c1ccccc1C(F)(F)F,EN300-7463880
1649,NCCOc1cccc(C(=O)O)n1,EN300-37337508
1650,NCC12CC(C(=O)O)(C1)C(CO)O2,EN300-37337728
1651,CSCSC[C@H](N)C(=O)O,EN300-6492896
1652,NCc1ccc(C(=O)O)cc1F,EN300-8168384
1653,N[C@@H]1C[C@H]2C[C@@H]1C[C@H]2C(=O)O,EN300-6494631
1654,NC(Cc1c[nH]c(=O)[nH]c1=O)C(=O)O,EN300-6763761
1655,NC(Cc1ccc(SC(F)(F)F)cc1)C(=O)O,EN300-6759190
1656,Cc1cc(C(=O)O)c(N)nc1C,EN300-7843876
1657,NC[C@@H]1CN(Cc2ccccc2)C[C@H]1C(=O)O,EN300-2008667
1658,CSCCCC(N)C(=O)O,EN300-7356373
1659,N[C@@H](CC(=O)O)c1cccnc1,EN300-7426687
1660,NC1COc2cc(C(=O)O)nn2C1,EN300-37339803
1661,NC(C(=O)O)C1CC2CC2C1,EN300-7430495
1662,NCCCOc1cccc(C(=O)O)n1,EN300-37340927
1663,Nc1c(C(=O)O)cnc2ccc(Br)cc12,EN300-9536667
1664,Cn1cnnc1CC(N)C(=O)O,EN300-7455456
1665,CCC(C)C[C@H](N)C(=O)O,EN300-7456034
1666,N[C@H](C(=O)O)C1CCCCC1,EN300-7365569
1667,NCCCC(=O)O,EN300-7409456
1668,Nc1cnn(CC(=O)O)c1,EN300-53556
1669,Nc1ccc(SCC(=O)O)cc1,EN300-1168865
1670,Cc1cc(C(=O)O)cnc1N,EN300-219800
1671,Nc1ccc(Br)nc1C(=O)O,EN300-117819
1672,NC[C@@H]1[C@H](C(=O)O)C1(F)F,EN300-37341532
1673,CS(=O)(=O)c1ccc(N)cc1C(=O)O,EN300-37332346
1674,Nc1nc2c(C(=O)O)cccc2o1,EN300-3161311
1675,N[C@H](Cc1cccc2ccccc12)C(=O)O,EN300-1692426
1676,N[C@H]1[C@H]2C[C@H]([C@H](O)[C@@H]2O)[C@H]1C(=O)O,EN300-26978993
1677,COC(=O)[C@H](N)CC(=O)O,EN300-6734874
1678,Nc1cccc(CC(F)C(=O)O)c1,EN300-27103631
1679,NCc1[nH]ncc1C(=O)O,EN300-20880372
1680,NC(CCC(=O)O)c1cccs1,EN300-7551527
1681,NCCCOc1cccc(C(=O)O)c1,EN300-7549176
1682,Cc1ccc(C(=O)O)cc1OCCN,EN300-7549473
1683,Nc1c(C(=O)O)cc(Cl)nc1Br,EN300-7549627
1684,N[C@@H]1C[C@H](C(=O)O)C12CCC2,EN300-7562755
1685,CSC[C@H](NC(=O)CCN)C(=O)O,EN300-27113408
1686,N[C@]1(C(=O)O)C[C@H](O)C12CCC2,EN300-7551644
1687,NCc1cncc(C(=O)O)c1,EN300-20878307
1688,Nc1cc2c(cc1C(=O)O)CCC2,EN300-27115360
1689,Nc1cc(F)cnc1C(=O)O,EN300-7535401
1690,CC(C)Oc1ccc(CC(N)C(=O)O)cc1,EN300-7547624
1691,Cc1ccc(CC(N)C(=O)O)c(Cl)c1,EN300-27115562
1692,C=CC(N)C(=O)O,EN300-7543509
1693,CC(=CC(C)CN)C(=O)O,EN300-7543549
1694,Cc1c(OCCN)cccc1C(=O)O,EN300-7549954
1695,Nc1c(C(=O)O)ccc(OC(F)(F)F)c1F,EN300-20840812
1696,CSCC[C@H](NC(=O)CCN)C(=O)O,EN300-27120524
1697,NC1CC(CC(=O)O)C12CCC2,EN300-7546556
1698,CCN(CC)c1ccc(N)c(C(=O)O)c1,EN300-7550157
1699,CC(N)COc1ccc(C(=O)O)cc1,EN300-7550661
1700,CCC(N)C(=O)NC(Cc1ccc(O)cc1)C(=O)O,EN300-7550753
1701,Cn1c(N)nc2ccc(C(=O)O)cc21,EN300-7563669
1702,Nc1ccc(CCC(=O)O)cc1,EN300-8220935
1703,N[C@@H](CCC1CCCCC1)C(=O)O,EN300-9060033
1704,NC1CCc2cc(C(=O)O)ccc2C1,EN300-26621544
1705,CN1CC(N)CCC1C(=O)O,EN300-26621808
1706,Nc1nc2ncc(C(=O)[O-])cn2n1,EN300-27780704
1707,CC(N)COc1ccccc1C(=O)O,EN300-26571508
1708,CSCC(N)C(=O)NC(C)C(=O)O,EN300-26571535
1709,CSCC(N)C(=O)N(C)CC(=O)O,EN300-26572051
1710,NC[C@@H]1CCC[C@@H](C(=O)O)O1,EN300-26572067
1711,Cc1ccc(C(=O)O)c(N)c1Br,EN300-210170
1712,Nc1c(Cl)ccc(F)c1C(=O)O,EN300-222744
1713,Cc1nc[nH]c1CC(N)C(=O)O,EN300-26664305
1714,CC(N)COc1cc(Cl)cc(C(=O)O)c1,EN300-26573226
1715,Cc1nccc(C(=O)O)c1N,EN300-26573389
1716,N[C@@H]1C[C@H](O)[C@H]1CC(=O)O,EN300-26623947
1717,CC(C)(CC(=O)O)c1ccc(N)cc1,EN300-2725774
1718,NC(C(=O)O)c1c(F)cc(O)cc1F,EN300-23838548
1719,NC(C(=O)O)c1cnn(Cc2ccccc2)c1,EN300-1703272
1720,Nc1c(C(=O)O)ccc(F)c1Cl,EN300-3015418
1721,Nc1cc(Cl)ncc1C(=O)O,EN300-96141
1722,COc1ccc(C[C@](C)(N)C(=O)O)cc1OC,EN300-1070437
1723,CCCC[C@H](N)CC(=O)O,EN300-23609524
1724,NC(Cc1ccccn1)C(=O)O,EN300-26000194
1725,N[C@]1(C(=O)O)C[C@](O)(C(F)(F)F)C1,EN300-26678771
1726,Nc1sc2cnccc2c1C(=O)O,EN300-26679003
1727,Nc1ncc(C(F)(F)F)cc1C(=O)O,EN300-202089
1728,[2H]C([2H])([2H])C(N)(C(=O)O)C([2H])([2H])[2H],EN300-19062808
1729,NCCCc1cc(C(=O)O)no1,EN300-26681729
1730,NCCC(=O)N1CCCC1C(=O)O,EN300-26677601
1731,CC(C)(CN1CCCC(N)C1)C(=O)O,EN300-26683047
1732,N[C@@H](Cc1cn[nH]c1)C(=O)O,EN300-26682709
1733,NCC1CC2(C1)CC(C(=O)O)C2,EN300-26697285
1734,NC(Cc1ccc(O)c(OCc2ccccc2)c1)C(=O)O,EN300-26690392
1735,C/C(=C\C(=O)O)CN,EN300-26860522
1736,NC[C@H]1C[C@H](O)[C@H](O)C[C@H]1C(=O)O,EN300-26861111
1737,NC(CN1Cc2ccccc2C1)C(=O)O,EN300-26861217
1738,NCc1nc(C(=O)O)co1,EN300-12704493
1739,NC(C(=O)O)C1CC1C(F)(F)F,EN300-26869324
1740,Nc1cc(Br)cnc1C(=O)O,EN300-110039
1741,NC1(C(=O)O)CCSCC1,EN300-7419905
1742,N[C@@H](CC1C(=O)Nc2ccccc21)C(=O)O,EN300-7541325
1743,N[C@H]1C=C[C@@H](C(=O)O)C1,EN300-7406552
1744,CN(C)[C@@H](CN)C(=O)O,EN300-37453939
1745,CSc1cc(N)ccc1C(=O)O,EN300-1252181
1746,Nc1nn(Cc2ccc(C(=O)O)cc2)cc1Br,EN300-26573356
1747,NC(Cn1ccnn1)C(=O)O,EN300-7544474
1748,N[C@@H](CSC(F)(F)F)C(=O)O,EN300-7462538
1749,N[C@H](CCC1CCCCC1)C(=O)O,EN300-26677580
1750,Cc1ccc(CC(N)C(=O)O)c(Cl)n1,EN300-26678558
1751,NC(Cc1ccc(Cl)nc1Cl)C(=O)O,EN300-26682319
1752,CC(CN)(CC(=O)O)C(F)(F)F,EN300-26619728
1753,CC(C)(C)OC(=O)NCCCC[C@H](N)C(=O)O,EN300-268535
1754,Nc1ccc([C@@H]2CC[C@@H](C(=O)O)C2)cc1,EN300-7471278
1755,C[Si]1(C)CCC(N)(C(=O)O)CC1,EN300-26622176
1756,Nc1ccc2c(C(=O)O)n[nH]c2c1,EN300-312229
1757,NC(Cc1cccc(Cl)c1F)C(=O)O,EN300-7471536
1758,NCC1(C(=O)O)CCCO1,EN300-26673747
1759,NCc1nn(Cc2ccccc2)cc1C(=O)O,EN300-26673845
1760,NC/C=C\C(=O)O,EN300-22995096
1761,Cc1c(N)c(C(=O)O)cc(F)c1Br,EN300-23014130
1762,N[C@@H]1[C@H](C(=O)O)[C@H]2CC[C@@H]1O2,EN300-26624199
1763,Nc1cccc(C(=O)O)c1Br,EN300-26860585
1764,Nc1cc(C(=O)O)cc(F)c1Br,EN300-151797
1765,COc1ccc(C[C@](C)(N)C(=O)O)cc1,EN300-7563364
1766,N[C@@H](Cc1ccc(O)nc1)C(=O)O,EN300-6766350
1767,Nc1nc(=O)c2nn(-c3cccc(C(=O)O)c3)nc2[nH]1,EN300-7537014
1768,Nc1cnc(C(F)(F)F)cc1C(=O)O,EN300-8688888
1769,N[C@]1(C(=O)O)C[C@@](O)(C(F)(F)F)C1,EN300-23605440
1770,CC(N)COc1cccc(C(=O)O)c1Cl,EN300-26624261
1771,NC1(c2ncc(C(=O)O)cn2)CC1,EN300-26624279
1772,NCc1nnc(CC(=O)O)[nH]1,EN300-749587
1774,CC(C)(C(N)C(=O)O)N1CCOCC1,EN300-26664423
1775,NC(Cc1n[nH]c2ccccc12)C(=O)O,EN300-26664506
1776,NC1CC2CCC1CC2C(=O)O,EN300-26664608
1777,NC(Cc1ccnc(C(F)(F)F)c1)C(=O)O,EN300-26673779
1778,COc1ccc(C(C)(N)C(=O)O)cc1,EN300-79203
1779,NC(=O)CC(NC(=O)OCc1ccccc1)C(=O)O,EN300-79031
1780,CC(O)C(N)COc1ccc(F)c(C(=O)O)c1,EN300-27158398
1781,Cc1nc(C(C)N)sc1C(=O)O,EN300-6504614
1782,NCCc1cccc(C(=O)O)c1,EN300-44888
1783,NCc1cc(CCC(=O)O)no1,EN300-26974832
1784,NC1CC(C(=O)O)C12CCC2,EN300-26860939
1785,NC1CCC(CCC(=O)O)C1,EN300-26864121
1786,NCC12COC(C(=O)O)(C1)C2,EN300-26979012
1787,NC1CCc2ccc(C(=O)O)cc21,EN300-26866203
1788,NCCCc1ccc(C(=O)O)cc1,EN300-26869147
1789,CCCC(CN)C(=O)O,EN300-7660480
1790,N[C@H](C(=O)O)C1CCCC1,EN300-7711920
1791,Nc1cc(Br)cnc1C(=O)O,EN300-7417952
1792,CC(N)(Cc1ccccc1Br)C(=O)O,EN300-26869705
1793,CSC(C)C(N)C(=O)O,EN300-7674229
1794,CC(CC(=O)O)C1CCC(N)CC1,EN300-26956237
1795,NCC(O)COc1ccc(CC(=O)O)cc1,EN300-26959267
1796,NC1CCCC(CCC(=O)O)C1,EN300-8232671
1797,NCC1CCCC2(CC(C(=O)O)C2)O1,EN300-26975854
1798,NCC[C@H](O)CC(=O)O,EN300-26865450
1799,NCC12COC(C(=O)O)(C1)C2,EN300-26978282
1800,NC(CC(F)(F)F)C(=O)O,EN300-101571
1801,COc1ccc(CCC(C)(N)C(=O)O)cc1,EN300-102285
1802,Nc1ccc(Cl)nc1C(=O)O,EN300-102043
1803,COc1ccc(CCC(=O)O)cc1N,EN300-105209
1804,CCCOc1ccc(C(=O)O)cc1N,EN300-104881
1805,Cc1cccc([C@H](N)CC(=O)O)c1C,EN300-84194
1806,NCCc1ccc(CC(=O)O)cc1,EN300-75206
1807,Cc1cc(C(=O)O)c2sc(N)nc2n1,EN300-73080
1808,NCc1ccccc1CC(=O)O,EN300-107997
1809,NC1(C(=O)O)CCC1,EN300-109256
1810,CCOC[C@H](N)C(=O)O,EN300-180124
1811,N[C@H](CC(=O)O)c1cccc(C(F)(F)F)c1,EN300-181003
1812,COc1cc(Br)c(N)c(C(=O)O)c1,EN300-171656
1813,NC(C(=O)O)C(F)(F)F,EN300-138873
1814,CC(C)(C)OC(=O)C[C@@H](N)C(=O)O,EN300-172592
1815,Nc1c(F)cc(Cl)cc1C(=O)O,EN300-177655
1816,Nc1cccc2c1ccn2CC(=O)O,EN300-191902
1817,CC(C)(N)CC(=O)NC(C)(C)CC(=O)O,EN300-182891
1818,NC1CCCN(c2ccc(C(=O)O)cc2)C1,EN300-260581
1819,NC[C@@H](O)CC(=O)O,EN300-268152
1820,Cc1c(F)ccc(N)c1C(=O)O,EN300-247658
1821,COc1cc(CC(N)C(=O)O)ccc1O,EN300-718138
1822,C[C@](N)(Cc1ccc(O)cc1)C(=O)O,EN300-127035
1823,NCc1ccc(C(=O)O)nc1,EN300-651618
1824,CC1(C(=O)O)CCCCC1N,EN300-125722
1825,NCC1(C(=O)O)CC(O)C1,EN300-746956
1826,CC(CCN)C(=O)O,EN300-105318
1827,Nc1csnc1C(=O)O,EN300-107151
1828,NCCc1ccccc1C(=O)O,EN300-109913
1829,Nc1cccc(C(O)C(=O)O)c1,EN300-111567
1830,NC(CC(=O)O)C1CCOCC1,EN300-113028
1831,NCCC1(C(=O)O)CC1,EN300-112746
1832,COc1ccccc1CC(CN)C(=O)O,EN300-114559
1833,Nc1c(C(=O)O)cccc1C(F)(F)F,EN300-65904
1834,NCCC(=O)NCC(=O)O,EN300-187679
1835,CC(C)C(C)C(N)C(=O)O,EN300-155104
1836,Nc1cc(Cl)c(Cl)cc1C(=O)O,EN300-142558
1837,CC(C)Cc1sc(N)nc1C(=O)O,EN300-186595
1838,Nc1cc(CC(=O)O)ccn1,EN300-130802
1839,CC(C)C1CC(N)(C(=O)O)c2ccccc21,EN300-193731
1840,NC1(C(=O)O)CCc2ccccc2C1,EN300-132203
1841,NC1(C(=O)[O-])CCCc2cnccc21,EN300-657315
1842,COc1cc(CC(N)C(=O)O)ccc1O,EN300-305030
1843,NC1C(=O)NCC1C(=O)O,EN300-719608
1844,NC(CC(=O)O)c1ccc(OC(F)(F)F)cc1,EN300-145112
1845,CCn1cc(N)c(C(=O)O)n1,EN300-92894
1846,NC(CCCCC(=O)O)c1ccccc1,EN300-67345
1847,Cc1cc(C)cc(CC(N)C(=O)O)c1,EN300-70519
1848,NC(C(=O)O)c1ccccc1Br,EN300-53914
1849,CCC1CCC(N)(C(=O)O)CC1,EN300-39473
1850,NC(CC1CCC1)C(=O)O,EN300-193188
1851,CC1(C)CCC(N)(C(=O)O)c2ccccc21,EN300-199166
1852,CC(C1CC1)C(N)C(=O)O,EN300-202934
1853,CCC(Sc1nc(N)n[nH]1)C(=O)O,EN300-200910
1854,Nc1ccnc(C(=O)O)c1,EN300-199670
1855,N#Cc1cc(C(=O)O)c(O)cc1N,EN300-133610
1856,Cn1ccnc1-c1cc(N)c(C(=O)O)c(F)c1,EN300-702949
1857,Cc1ccc(C(N)CC(=O)O)o1,EN300-297617
1858,NC1CCCCN(CC(=O)O)C1=O,EN300-747019
1859,NC[C@H]1CCO[C@H]1C(=O)O,EN300-747218
1860,CC(C)CCC(C)(N)C(=O)O,EN300-39318
1861,NC(C(=O)O)c1c(F)cccc1F,EN300-116956
1862,Nc1cc(C(=O)O)ccc1Oc1ccccc1,EN300-66403
1863,Cc1nn(CC(=O)O)c(C)c1N,EN300-83748
1864,Cc1ccc(Cl)c(C(=O)O)c1N,EN300-65917
1865,NCc1cn(CC(=O)O)nn1,EN300-109069
1866,N#Cc1cnn(-c2cccc(C(=O)O)c2)c1N,EN300-72012
1867,NCC(CC(=O)O)C(F)(F)F,EN300-210250
1868,NCC1(CC(=O)O)CC2CCC1C2,EN300-207685
1869,Nc1cc(I)cc(C(=O)O)c1,EN300-149611
1870,NCCC(CC(=O)O)C(F)(F)F,EN300-208186
1871,COc1cc(C)cc(C(=O)O)c1N,EN300-206742
1872,NCC(CC(=O)O)C(F)(F)F,EN300-193126
1873,NC1(CC(=O)O)CCS(=O)(=O)CC1,EN300-755118
1874,NC(CO)c1cccc(C(=O)O)c1,EN300-761468
1875,NCC(CC(=O)O)c1ccc(F)cc1,EN300-761680
1876,NC(C(=O)O)C(O)c1ccncc1,EN300-321856
1877,Nc1cnn(CC(=O)O)n1,EN300-325773
1878,NC(C1CC1)C(F)(F)C(=O)O,EN300-736820
1879,NC1(c2ccc(C(=O)O)cc2)CC1,EN300-746402
1880,CS(=O)(=O)[C@H]1C[C@]1(CN)C(=O)O,EN300-761513
1881,CC(N)c1ccc(OCC(=O)O)cc1,EN300-761655
1882,NC(c1ccc(C(=O)O)cc1)C(F)(F)F,EN300-755119
1883,NC(CC(=O)O)c1ccc(-c2ccccc2)cc1,EN300-75498
1884,Cc1cccc(CC(CN)C(=O)O)c1,EN300-114158
1885,Nc1c(C(=O)O)cnn1-c1cccc(Cl)c1,EN300-110984
1886,CC(C)(C)CC(N)C(=O)O,EN300-114920
1887,CC(C)(N)CC(=O)O,EN300-83107
1888,CC(C)C(CN)C(=O)O,EN300-86355
1889,Cc1cc(N)cc(C(=O)O)c1,EN300-100554
1890,N[C@H]1CC[C@@H](C(=O)O)C1,EN300-196892
1891,NC(CCSc1ccccc1)C(=O)O,EN300-217346
1892,N[C@H]1CCC[C@H]1C(=O)O,EN300-211995
1893,NC(C(=O)O)C1CCS(=O)(=O)C1,EN300-214096
1894,NC(CC1CC1)C(=O)O,EN300-116536
1895,N[C@H](Cc1ccc(Br)cc1)C(=O)O,EN300-217283
1896,Nc1ccnc2c(C(=O)O)cnn12,EN300-1130220
1897,COc1c(F)cc(C(=O)O)c(N)c1F,EN300-93500
1898,Cc1ccccc1[C@@H](N)CC(=O)O,EN300-77419
1899,Cc1nn(Cc2ccc(C(=O)O)o2)c(C)c1N,EN300-92457
1900,CC(C)CCC(N)C(=O)O,EN300-77459
1901,NC(CC1CCCC1)C(=O)O,EN300-123121
1902,COc1ccc(N)c(C(=O)O)c1,EN300-105839
1903,NCC(F)(F)C(=O)O,EN300-220412
1904,Cc1cc(C)c(CC(N)C(=O)O)c(C)c1,EN300-222419
1905,NC(Cc1ccncc1)C(=O)O,EN300-220921
1906,Nc1c(O)ccc(Cl)c1C(=O)O,EN300-171341
1907,NCCN(CC(=O)O)Cc1ccccc1,EN300-814016
1908,COC1(CC(N)C(=O)O)CCC1,EN300-260933
1909,CC(C)OC[C@H](N)C(=O)O,EN300-266376
1910,NC1(C(=O)O)CCc2ccccc21,EN300-55234
1911,COc1cccc(C(N)(C(=O)O)C(F)(F)F)c1,EN300-120687
1912,CC(C)(C)C(N)CC(=O)O,EN300-86193
1913,CC(C)(C)OC(=O)C[C@H](N)C(=O)O,EN300-119733
1914,NC(C(=O)O)(c1cc(F)cc(F)c1)C(F)(F)F,EN300-124656
1915,NOCCC(=O)O,EN300-120547
1916,NC(C(=O)O)(c1ccccc1F)C(F)(F)F,EN300-125775
1917,NCCN1CC(C(=O)O)CC1=O,EN300-123932
1918,NC(C(=O)O)(c1cccc(C(F)(F)F)c1)C(F)(F)F,EN300-123710
1919,COc1ccc(C(N)CCC(=O)O)cc1,EN300-121087
1920,Nc1cc(C(=O)O)cnc1Cl,EN300-122937
1921,NC1(C(=O)O)CCCS(=O)(=O)C1,EN300-223188
1922,Cc1cc(N)nn1Cc1cccc(C(=O)O)c1,EN300-264092
1923,NC(Cc1cc[nH]n1)C(=O)O,EN300-298326
1924,COc1ccc(N)cc1C(=O)O,EN300-245152
1925,NC(CC(=O)O)c1ccncc1,EN300-66509
1926,NC(C(=O)O)c1cc(O)cc(O)c1,EN300-298605
1927,NC(Cc1cccnc1)C(=O)O,EN300-118570
1928,NC12CC3CC(C1)CC(C(=O)O)(C3)C2,EN300-297421
1929,CCCC(N)C(=O)O,EN300-43623
1930,Nc1cccc(C(=O)O)n1,EN300-25970
1931,CC(C)(CN)C(=O)O,EN300-118640
1932,NC1(C(=O)O)CCCSC1,EN300-118757
1933,NCC(CC(=O)O)c1ccc(Cl)cc1,EN300-118715
1934,Nc1sc2c(c1C(=O)O)CCSC2,EN300-120384
1935,NC(CC(=O)O)c1ccccn1,EN300-117049
1936,N[C@@H](CC(=O)OCc1ccccc1)C(=O)O,EN300-129701
1937,NC1(C(=O)O)CCSCC1,EN300-108712
1938,NC(CCC(=O)O)CN1CCOCC1,EN300-120084
1939,NC1(C(=O)O)CC(F)(F)C1,EN300-120275
1940,CCCC(C)CC(N)C(=O)O,EN300-119200
1941,CC(C)n1nc(N)cc1C(=O)O,EN300-120870
1942,C[C@@](N)(Cc1ccc(O)c(O)c1)C(=O)O,EN300-225307
1943,CC(C(=O)O)C1(N)CC1,EN300-255869
1944,NCC1(CC(=O)O)CCCC1,EN300-262782
1945,NC(Cc1ncccn1)C(=O)O,EN300-264059
1946,CC(O)(C(=O)O)C(N)c1ccccc1,EN300-269624
1947,CC(=O)NC1CCC(N)(CC(=O)O)CC1,EN300-302674
1948,NC(C(=O)O)c1cccc(Cl)c1Cl,EN300-305456
1949,NC(C(=O)O)c1cccc(C(F)(F)F)c1,EN300-306160
1950,NC12CC3CC(C1)CC(C(=O)O)(C3)C2,EN300-297463
1951,CCCCC(N)C(=O)O,EN300-18344
1952,Nc1cc(F)c(F)cc1C(=O)O,EN300-65895
1953,COc1ccc(NS(=O)(=O)c2ccc(N)c(C(=O)O)c2)cc1,EN300-00624
1954,NC(CC(=O)O)c1cccc(Oc2ccccc2)c1,EN300-04950
1955,CCC(C)(N)C(=O)O,EN300-65927
1956,NCC[C@H](O)C(=O)O,EN300-86223
1957,CCc1ccc(NC(=O)CSCC(N)C(=O)O)cc1,EN300-09842
1958,CC(CN)C(=O)O,EN300-64468
1959,Nc1ccc(F)c(C(=O)O)c1,EN300-29773
1960,NC(C(=O)O)C(O)C(F)(F)F,EN300-128315
1961,CC(CC(=O)O)c1ccc(N)cc1,EN300-131872
1962,CCCC[C@H](N)C(=O)O,EN300-134822
1963,Nc1ccc([N+](=O)[O-])cc1C(=O)O,EN300-17935
1964,NC(CCC(=O)O)Cc1ccccc1,EN300-129711
1965,C[C@@](N)(C(=O)O)C1CCCCC1,EN300-131450
1966,Nc1ccc(Cl)c(C(=O)O)c1,EN300-25693
1967,NC1(C(=O)O)CCc2c1ccc(F)c2Br,EN300-244087
1968,CC(N)(C(=O)O)c1cccc(Br)c1,EN300-72403
1969,C[C@H](O)[C@@H](N)C(=O)O,EN300-196503
1970,Nc1c(C(=O)O)ccnc1Br,EN300-119684
1971,CCc1cc(Br)cc(C(=O)O)c1N,EN300-192990
1972,N[C@@H]1CCC[C@H]1CC(=O)O,EN300-264504
1973,NOCC(=O)O,EN300-301960
1974,NCC1(O)CCC(C(=O)O)CC1,EN300-307158
1975,NC(C(=O)O)c1ccc(F)cc1,EN300-137205
1976,NC(c1cc(Cl)cc(Cl)c1)C(F)(F)C(=O)O,EN300-303627
1977,NC(CC(=O)O)C(F)(F)F,EN300-301135
1978,NC(Cc1ccccc1)C(=O)O,EN300-17980
1979,CC(C)(N)C(=O)O,EN300-53414
1980,COCCOc1cc(N)c(C(=O)O)cc1OC,EN300-24479
1981,Nc1cc(C(=O)O)ccc1F,EN300-29498
1982,Nc1nc(-c2cccs2)c(CC(=O)O)s1,EN300-07348
1983,Nc1ccc(S(=O)(=O)NCC(=O)O)cc1[N+](=O)[O-],EN300-08830
1984,CC(C)(C)C(N)C(=O)O,EN300-25748
1985,COc1cccc(C(N)CC(=O)O)c1,EN300-31539
1986,Cc1cc(Cl)cc(N)c1C(=O)O,EN300-135853
1987,N[C@@H](Cc1ccc(O)cc1)C(=O)O,EN300-52629
1988,Nc1cc(F)c(Br)cc1C(=O)O,EN300-65910
1989,COc1cc(C)c(N)c(C(=O)O)c1,EN300-135404
1990,NC(C(=O)O)c1ccsc1,EN300-137484
1991,COc1ccc(C(C)(N)C(=O)O)cc1OC,EN300-101744
1992,NCc1cccc(OCC(=O)O)c1,EN300-130977
1993,COC(=O)CC[C@@H](N)C(=O)O,EN300-98196
1994,CC(C(=O)O)n1cc(N)c(C(F)(F)F)n1,EN300-245907
1995,N[C@H]1CCCC[C@H]1CC(=O)O,EN300-245940
1996,N[C@H](Cc1ccc(F)cc1)C(=O)O,EN300-199904
1997,CC(C)(N)C(CC(=O)O)c1ccc(Cl)cc1,EN300-313717
1998,CC(N)(Cc1ccccc1)C(=O)O,EN300-315265
1999,Cc1n[nH]c(C(=O)O)c1N,EN300-109022
2000,N[C@H](C(=O)O)c1ccccc1Cl,EN300-306120
2001,N[C@@H](CCOc1ccccc1)C(=O)O,EN300-306268
2002,C[C@@H](F)[C@@H](N)C(=O)O,EN300-313982
2003,COCC(ON)C(=O)O,EN300-323284
2004,CC(O)(C(N)C(=O)O)C(F)(F)F,EN300-317520
2005,COc1cc(N)c(F)cc1C(=O)O,EN300-321310
2006,Nc1ccc(C(=O)O)cc1OCCCCO,EN300-315506
2007,NCc1nc(C(=O)O)c[nH]1,EN300-321431
2008,Nc1ccc([C@@H]2C[C@H]2C(=O)O)cc1,EN300-332210
2009,N[C@H](CC(=O)O)C1CCCCC1,EN300-332436
2010,CC(N)(CC(=O)O)C1CC1,EN300-170343
2011,COc1cc(C[C@H](N)C(=O)O)ccc1O,EN300-321077
2012,N[C@H]1CCC[C@H]1C(=O)O,EN300-342028
2013,COc1ccc(C(=O)O)c(N)c1,EN300-36581
2014,NC(C(=O)O)C1CCCCC1,EN300-50567
2015,COc1cc(O)cc(CC(N)C(=O)O)c1,EN300-43155
2016,Nc1ccc2oc(C(=O)O)cc2c1,EN300-42074
2017,Cc1ccc(F)c(N)c1C(=O)O,EN300-52932
2018,NC(C(=O)O)C12CC3CC(CC(C3)C1)C2,EN300-50676
2019,Nc1ccc(Cc2nc(C(=O)O)cs2)cc1,EN300-132422
2020,NCC(=O)NCC(=O)O,EN300-34095
2021,CCCC(O)C(N)C(=O)O,EN300-142516
2022,Cn1ncc(C(=O)O)c1CN,EN300-141095
2023,CCC(C)C(N)C(=O)O,EN300-19355
2024,NC(CC(=O)O)C12CC3CC(CC(C3)C1)C2,EN300-140989
2025,CC(N)(C(=O)O)c1cccc(F)c1,EN300-154289
2026,N[C@H](Cc1ccc(O)cc1)C(=O)O,EN300-61693
2027,NC(CO)C(=O)O,EN300-18223
2028,Cc1cc(C(=O)O)c(N)c(Cl)n1,EN300-200688
2029,Nc1nc(C(=O)O)c(-c2ccc(Cl)cc2)s1,EN300-186686
2030,Nc1nc(C(=O)O)ccc1[N+](=O)[O-],EN300-127274
2031,NC(C(=O)O)c1nnn[nH]1,EN300-173114
2032,Nc1ccc(Cc2nc(C(=O)O)cs2)cc1,EN300-132763
2033,NC1(CC(=O)O)CCCC1,EN300-134784
2034,Nc1c(C(=O)O)cnn1-c1ccccn1,EN300-144270
2035,CC(C)(C)C(N)C(=O)O,EN300-73664
2036,NC1CCC(C(=O)O)CC1,EN300-91405
2037,NCC(Cc1cccnc1)C(=O)O,EN300-75776
2038,C=C(Cl)CC(N)C(=O)O,EN300-323123
2039,N[C@@H](CC(=O)O)c1cccc(I)c1,EN300-342253
2040,Nc1c(C(=O)O)sc2nccnc12,EN300-146468
2041,CC1CC(C(=O)O)(c2ccc(N)cc2)C1,EN300-333164
2042,NC1(C(=O)O)COc2ccccc2C1,EN300-304689
2043,NC(Cc1ccc(OC(F)(F)F)cc1)C(=O)O,EN300-365126
2044,CN(C)C[C@H](N)C(=O)O,EN300-365749
2045,CCC[C@@H](N)C(=O)O,EN300-52917
2046,CCC[C@H](N)C(=O)O,EN300-66088
2047,CC(CN)C(=O)O,EN300-64099
2048,CCc1ccc(C(N)C(=O)O)cc1,EN300-88019
2049,NC(C(=O)O)C1CCCC1,EN300-66971
2050,Nc1nc(Cl)ccc1C(=O)O,EN300-67085
2051,NC(CC(=O)O)c1c(F)cccc1F,EN300-65147
2052,NC(Cc1ccc(F)cc1)C(=O)O,EN300-61659
2053,Nc1cc(C(=O)O)n(C2CCCC2)n1,EN300-92342
2054,Nc1nn(CCC(=O)O)cc1Br,EN300-92602
2055,CCOc1ccccc1[C@@H](N)CC(=O)O,EN300-69227
2056,Nc1c(C(=O)O)cc(Br)cc1[N+](=O)[O-],EN300-77949
2057,Nc1n[nH]c(C(=O)O)c1-c1ccccc1,EN300-72695
2058,Nc1ncc(CCC(=O)O)s1,EN300-72802
2059,Nc1ccccc1-n1ccc(C(=O)O)n1,EN300-64447
2060,NC[C@@H](F)C(=O)O,EN300-250510
2061,C[C@H](CN)CC(=O)O,EN300-343578
2062,NC(CC(=O)O)c1ccccc1,EN300-70755
2063,NCC(Cc1cccc(O)c1)C(=O)O,EN300-331673
2064,C=C(Cl)C[C@H](N)C(=O)O,EN300-333775
2065,NCC1(C(=O)O)CCCOC1,EN300-342664
2066,CCc1ccccc1C(N)CC(=O)O,EN300-345954
2067,CC1CCCC(C(CN)CC(=O)O)C1,EN300-364697
2068,N[C@@H](Cc1c[nH]cn1)C(=O)O,EN300-371825
2069,NCCCC(=O)N[C@@H](Cc1c[nH]cn1)C(=O)O,EN300-373964
2070,Nc1ccc(C(=O)O)c(O)c1,EN300-18730
2071,NC(C(=O)O)c1ccccc1C(F)(F)F,EN300-66733
2072,NC(Cc1ccc2c(c1)OCO2)C(=O)O,EN300-63999
2073,NCC(Cc1cccc(Cl)c1)C(=O)O,EN300-71332
2074,CCOc1ccccc1[C@H](N)CC(=O)O,EN300-70587
2075,Cc1ccc(C(N)CC(=O)O)o1,EN300-69396
2076,Cc1nc(CCCN)sc1C(=O)O,EN300-69976
2077,NCc1cccc(C(=O)O)c1,EN300-70607
2078,NC1(C(=O)O)CCOc2ccccc21,EN300-71337
2079,NCC(Cc1ccc(Cl)cc1)C(=O)O,EN300-71400
2080,CC(C)C(N)CC(=O)O,EN300-120454
2081,Cc1c(N)cc(F)cc1C(=O)O,EN300-150499
2082,Cc1cc(CN)ccc1C(=O)O,EN300-247217
2083,Nc1nc(Cl)cc(C(=O)O)n1,EN300-247307
2084,NCC1OCCC1C(=O)O,EN300-248268
2085,CC(N)c1ncc(C(=O)O)s1,EN300-250908
2086,N[C@@H]1C[C@H]2C[C@@]2(C(=O)O)C1,EN300-365418
2087,Nc1cc(O)nc(C(=O)O)n1,EN300-370437
2088,COCCC(N)C(=O)O,EN300-370509
2089,Nc1nnc(CC(=O)O)s1,EN300-374262
2090,CN[C@@H](C)C(=O)N[C@H](CCC(N)=O)C(=O)O,EN300-317967
2091,CC(C)CCCC(N)C(=O)O,EN300-385261
2092,CO[C@@H](CN)C(=O)O,EN300-381108
2093,CC(N)(Cc1ccc(Br)cc1)C(=O)O,EN300-378916
2094,CC[C@H](C)[C@H](N)C(=O)O,EN300-52623
2095,CC(C)COC[C@H](N)C(=O)O,EN300-313772
2096,COc1ccc(C(N)C(=O)O)cc1,EN300-69643
2097,Cc1ccc([C@@H](N)CC(=O)O)o1,EN300-76269
2098,NC(C(=O)O)C1CC1,EN300-73945
2099,Nc1c(Cl)cc(Br)cc1C(=O)O,EN300-80568
2100,Nc1cc(F)cc(C(=O)O)c1F,EN300-81987
2101,COc1cc(F)cc(C(=O)O)c1N,EN300-83433
2102,N[C@@H](CC(=O)O)c1ccc(Br)cc1,EN300-67014
2103,NC1(C(F)(F)F)CC(C(=O)O)C1,EN300-76912
2104,COc1cccc(CSCC(N)C(=O)O)c1,EN300-99789
2105,Cc1ccc(CC(N)C(=O)O)cc1C,EN300-248676
2106,NC(CCC(=O)O)c1ccc(Br)cc1,EN300-396703
2107,CC1CC(N)(C(=O)O)C1,EN300-396788
2108,NC(CC(=O)O)C1CCCC1,EN300-136530
2109,Nc1cc(Cl)ccc1C(=O)O,EN300-19514
2110,N[C@@H](Cc1ccccc1)C(=O)O,EN300-52626
2111,C[C@@H](O)[C@H](N)C(=O)O,EN300-54609
2112,Nc1ncccc1C(=O)O,EN300-19841
2113,Cc1nc(CN)sc1CC(=O)O,EN300-396538
2114,Nc1ncc(C(=O)O)c(C(F)(F)F)n1,EN300-151418
2115,Cc1cnc(N)nc1C(=O)O,EN300-201013
2116,Nc1ccc(OCCC(=O)O)cc1,EN300-145574
2117,CC(C)(N)CC(=O)O,EN300-156247
2118,NC1(CC(=O)O)CCSC1,EN300-157322
2119,CCC(C)(C)C(N)C(=O)O,EN300-258598
2120,CCCC[C@@H](N)CC(=O)O,EN300-255962
2121,Nc1ccc(C(F)(F)F)nc1C(=O)O,EN300-251933
2122,CC1(C)[C@@H](N)C[C@H]1C(=O)O,EN300-254910
2123,Nc1c(-c2cccc(C(F)(F)F)c2)nsc1C(=O)O,EN300-255085
2124,CC(C)C[C@H](CNC(=O)[C@@H](N)CC(C)C)CC(=O)O,EN300-253564
2125,Cc1cc(N)nn1CCC(=O)O,EN300-255474
2126,NCCCC(=O)O,EN300-19823
2127,CC(C)(C)n1ncc(C(=O)O)c1N,EN300-144396
2128,NC(CC(=O)O)c1ccccc1Cl,EN300-04486
2129,NCC(C(=O)O)C1CCCCCC1,EN300-686982
2130,N[C@H]1CCC[C@@H](C(=O)O)C1,EN300-392778
2131,N[C@H](CC(=O)O)c1ccc(F)cc1F,EN300-85542
2132,CCC(C)CC(N)C(=O)O,EN300-103808
2133,NC(=O)C[C@H](NC(=O)OCc1ccccc1)C(=O)O,EN300-102792
2134,Cc1nn(Cc2ccc(C(=O)O)s2)c(C)c1N,EN300-92428
2135,Cc1cccc([C@@H](N)CC(=O)O)c1C,EN300-93757
2136,Nc1cnn(Cc2ccc(C(=O)O)o2)c1,EN300-92620
2137,Cn1ncc(C(=O)O)c1N,EN300-99268
2138,NC(Cc1cccc(Br)c1)C(=O)O,EN300-157629
2139,COCCCC(N)(C(=O)O)C(F)(F)F,EN300-124782
2140,CC1CCC(C(C)C)C(N)(C(=O)O)C1,EN300-157616
2141,COC(CN)CC(=O)O,EN300-174922
2142,Cc1nc(C(C)(N)CC(=O)O)cs1,EN300-174872
2143,NCC(Cc1cccc(F)c1)C(=O)O,EN300-174950
2144,Cc1c(C(N)C(=O)O)cnn1C,EN300-174353
2145,COC1CCCC(C(N)C(=O)O)C1,EN300-175243
2146,Nc1nc(C2CC2)ncc1C(=O)O,EN300-152193
2147,CC(C)(C)OC(=O)CC[C@@H](N)C(=O)O,EN300-183004
2148,CC1(C(C)(N)C(=O)O)CC1,EN300-171068
2149,NC(C(=O)O)C1(C(F)(F)F)CC1,EN300-246614
2150,NC(Cn1cnc2cc(F)c(F)cc21)C(=O)O,EN300-193957
2151,NCCC(C(=O)O)c1ccc(F)cc1,EN300-258845
2152,CC(C)C(C(=O)O)C(C)N,EN300-257367
2153,CS(=O)(=O)CC(N)C(=O)O,EN300-719123
2154,CCCCCCC(N)C(=O)O,EN300-307615
2155,N[C@@H](C(=O)O)C1CCCC1,EN300-1297761
2156,N[C@@H](Cc1ccc(F)cc1)C(=O)O,EN300-384102
2157,NC(CC(=O)O)c1ccc(OCc2ccccc2)cc1,EN300-258302
2158,N[C@@H](Cc1cccc(Br)c1)C(=O)O,EN300-384090
2159,Nc1cccc(C2(C(=O)O)CCC2)c1,EN300-1179904
2160,N[C@H](C(=O)O)C1CCCC1,EN300-93400
2161,N#CCC(N)C(=O)O,EN300-1297298
2162,COc1cc(Cl)ccc1C(N)C(=O)O,EN300-1985690
2163,N[C@H](C(=O)O)C12C3C4C5C3C1C5C42,EN300-26976616
2164,COc1ccc(CC(C)(CN)C(=O)O)cc1OC,EN300-26869928
2165,CC(N)(C(=O)O)C1CCCC1,EN300-7851361
2166,CC(C)(C(=O)O)C1(N)CCC1,EN300-26975570
2167,N[C@H]1CC[C@]2(C(=O)O)CC[C@H]12,EN300-26869694
2168,N[C@H](Cc1cccc(O)c1)C(=O)O,EN300-98885
2169,CC(N)(COc1ccccc1)C(=O)O,EN300-1428851
2170,N[C@@H](Cc1cccc(O)c1)C(=O)O,EN300-247349
2171,COC(C)(C)CC(N)C(=O)O,EN300-269602
2172,N[C@H](Cn1cncn1)C(=O)O,EN300-1440087
2173,NC(Cc1c[nH]c2nccnc12)C(=O)O,EN300-198258
2174,NC(C(=O)O)c1ccc(Cl)cc1Br,EN300-1894154
2175,C[C@@](N)(Cc1ccccc1)C(=O)O,EN300-2010239
2176,Nc1c(Cl)cc(Br)cc1C(=O)O,EN300-2009267
2177,NCc1ccc2[nH]cc(C(=O)O)c2c1,EN300-1275533
2178,NCc1ccsc1C(=O)O,EN300-1440160
2179,Nc1cc(C(=O)O)ccc1C(F)(F)F,EN300-102228
2180,N[C@@H](Cc1ccc(Cl)c(F)c1)C(=O)O,EN300-5147507
2181,NC(C(=O)O)c1ccc(Br)cc1,EN300-59905
2182,NCC1CC(C(=O)O)C1,EN300-2009562
2183,NCc1ccc2cc(C(=O)O)ccc2c1,EN300-2009824
2184,NCc1ccccc1CCC(=O)O,EN300-2009727
2185,NCC12CC(C(=O)O)(CO1)C2,EN300-2009740
2186,NCC(CCC(=O)O)CC(F)(F)F,EN300-7461187
2187,Cc1cc(F)c(N)cc1C(=O)O,EN300-177316
2188,CC1(C)CCCC1(N)C(=O)O,EN300-1244205
2189,Nc1ccc(C(=O)O)nc1,EN300-114806
2190,NC1(C(=O)O)CCC(F)(F)CC1,EN300-89432
2191,C=C1CC(CN)(C(=O)O)C1,EN300-7466379
2192,N[C@@H](CCCCNC(=O)CO)C(=O)O,EN300-6478195
2193,NC(CC(=O)O)c1ccco1,EN300-1605465
2194,N[C@@H](CCC(=O)O)C(=O)OCc1ccccc1,EN300-243773
2195,Cc1ccc(C)c(C(=O)O)c1N,EN300-65906
2196,N[C@@H](Cc1cc(I)ccc1F)C(=O)O,EN300-7444444
2197,N[C@@H](Cc1cccc(Cl)c1F)C(=O)O,EN300-7444566
2198,N[C@@H]1[C@H]2CC[C@H](C2)[C@H]1C(=O)O,EN300-1272017
2199,CSSC[C@H](N)C(=O)O,EN300-7443406
2200,Cc1c(C(=O)O)sc2ncnc(N)c12,EN300-126804
2201,Cc1ccc(-c2nc(N)sc2CC(=O)O)cc1,EN300-04185
2202,NC(Cc1c[nH]c2cccc(Br)c12)C(=O)O,EN300-117877
2203,CC1(C)CCCC(N)(C(O)C(=O)O)CC1,EN300-1628945
2204,NC(Cc1cnccn1)C(=O)O,EN300-1848443
2205,N[C@H]1C[C@H](CCC(=O)O)C1,EN300-7466386
2206,NCc1cccc([C@@H]2C[C@H]2C(=O)O)c1,EN300-6476956
2207,CC(C)CC[C@@H](N)C(=O)O,EN300-1726358
2208,NCc1ncccc1C(=O)O,EN300-2008586
2209,CC(C)(C)SC[C@@H](N)C(=O)O,EN300-1720467
2210,NCC1(C(=O)O)CC2CCC1CC2,EN300-2009723
2211,NC1(C(=O)O)CCC(F)(F)CC1,EN300-7444184
2212,Cn1nc(C(F)(F)F)c(N)c1C(=O)O,EN300-7442650
2213,NC(C(=O)O)c1ccc(F)c(C(F)(F)F)c1,EN300-7463545
2214,Nc1cccc(C(F)F)c1C(=O)O,EN300-182683
2215,COc1cc(Br)ccc1C(N)C(=O)O,EN300-385783
2216,N[C@@H]1CC[C@@H](C(=O)O)CCC1(F)F,EN300-7539023
2217,Cn1cc(CC(N)C(=O)O)nn1,EN300-7443150
2218,CC(C)(C)O[C@@H]1C[C@H](N)[C@H]1CC(=O)O,EN300-7465665
2219,CC(CN)(CC(=O)O)C(F)F,EN300-7460129
2220,NCc1ccc(C(=O)O)cn1,EN300-7445514
2221,NC(CCc1cnn(-c2ccccc2)c1)C(=O)O,EN300-7460641
2222,Nc1c(C(=O)O)ccnc1C(F)(F)F,EN300-1608516
2223,Cc1sc(C(=O)O)cc1CN,EN300-1588015
2224,NC(Cc1cc(Br)c(O)cn1)C(=O)O,EN300-1588279
2225,CC(C)CC(N)CC(=O)O,EN300-23017351
2226,NC(CCC(=O)O)c1cccc(Cl)c1,EN300-7447957
2227,NC1(C(=O)O)CC(O)(C(F)(F)F)C1,EN300-7459282
2228,NC(C(=O)O)C(O)C(F)F,EN300-7455680
2229,NCc1ccc(F)c(C(=O)O)c1,EN300-7459986
2230,Cn1ncc2cc(CCC(N)C(=O)O)cnc21,EN300-7443673
2231,NC(CC(=O)O)c1ccc(Cl)cc1,EN300-17217
2232,CC(N)[C@@H]1C[C@H]1C(=O)O,EN300-7437286
2233,N[C@@H]1[C@H]2CCCC[C@H]2[C@H]1C(=O)O,EN300-7436877
2234,CCC(N)(COC)C(=O)O,EN300-223551
2235,CC(C)[C@@H](N)CC(=O)O,EN300-1666633
2236,NCc1cc(C(=O)O)c2n1CCCC2,EN300-371234
2237,CC[C@H](C)[C@H](N)CC(=O)O,EN300-1663653
2238,Nc1ccc(C(=O)[O-])cc1,EN300-1265482
2239,NC(Cc1cc(Br)c(O)c(F)c1F)C(=O)O,EN300-1664872
2240,Cc1nsc(C(=O)O)c1N,EN300-1609230
2241,NC(C(=O)O)c1cc(Cl)ccc1Cl,EN300-1964891
2242,NC(Cc1ccc[n+]([O-])c1)C(=O)O,EN300-7437747
2243,NCc1ncc(C(=O)O)c(C(F)(F)F)n1,EN300-7438287
2244,CC(C)(N)c1cc(C(=O)O)[nH]n1,EN300-7434945
2245,NCC(CCC(=O)O)C(F)(F)C(F)(F)F,EN300-7435170
2246,NC[C@]1(F)CC[C@H](C(=O)O)CC1,EN300-7436577
2247,N[C@@H](CCSC(F)(F)F)C(=O)O,EN300-761540
2248,NCC1CCCn2ncc(C(=O)O)c21,EN300-768767
2249,CCC(C)C[C@H](N)C(=O)O,EN300-1298406
2250,NCCN(CC(=O)O)Cc1ccccc1,EN300-1654939
2251,CCC[C@@H](N)CC(=O)O,EN300-1692826
2252,NC(Cc1c(F)cc(O)c(Cl)c1F)C(=O)O,EN300-1657639
2253,CC(C)(C)[C@H](N)CC(=O)O,EN300-1663785
2254,NCCCc1cccc(C(=O)O)c1,EN300-21040026
2255,NC(C(=O)O)c1cc(Br)ccc1F,EN300-385911
2256,CCCCSC[C@H](N)C(=O)O,EN300-26981138
2257,NC(C(=O)O)C1(C(F)(F)F)CC1,EN300-7472147
2258,COc1cc(C(=O)O)cc(N)c1Cl,EN300-1086914
2259,NC(Cc1cccc(Oc2ccccc2)c1)C(=O)O,EN300-1091493
2260,CCCCC[C@@H](N)C(=O)O,EN300-731684
2261,N[C@@H](COC1CCCCC1)C(=O)O,EN300-1298469
2262,Cc1ccccc1C[C@@H](N)C(=O)O,EN300-1298518
2263,N[C@@H](COC1CCCC1)C(=O)O,EN300-1300063
2264,N[C@@H](CCc1ccccc1)CC(=O)O,EN300-1663360
2265,NCC(Cc1ccc2c(c1)OCO2)C(=O)O,EN300-1587750
2266,Nc1cc(F)cc(F)c1C(=O)O,EN300-197093
2267,N#Cc1cnn(CC(=O)O)c1N,EN300-145888
2268,C[C@H](OC(C)(C)C)[C@@H](N)C(=O)O,EN300-1071008
2269,N[C@@H](CC(=O)O)C1CCCCC1,EN300-1706970
2270,NCc1nccn1CC(=O)O,EN300-1719713
2271,NC(C(=O)O)C(O)c1ccc([N+](=O)[O-])cc1,EN300-1826348
2272,NCC(CC(=O)O)c1ccccc1O,EN300-1853018
2273,CC(N)(C(=O)O)c1cccnc1,EN300-7466312
2274,CC(O)(C(F)F)C(N)C(=O)O,EN300-7432332
2275,CC(C)SCC[C@H](N)C(=O)O,EN300-1298644
2276,CC1(C)OC2(CN)CC1(C(=O)O)C2,EN300-1726030
2277,COC(CC(N)C(=O)O)OC,EN300-1999673
2278,NC(CC(=O)O)c1ccccc1C(F)(F)F,EN300-1931723
2279,C/C(=C\CCN)C(=O)O,EN300-7547458
2280,NC1CC(C(=O)O)CCC1O,EN300-7547466
2281,NC(Cc1ccc(Br)nc1)C(=O)O,EN300-7549869
2282,N[C@@H]1C[C@H](O)[C@H](O)C[C@@H]1C(=O)O,EN300-7563211
2283,CC1(C)C(O)CC1(N)C(=O)O,EN300-7563219
2284,COc1ccccc1C(N)C(=O)O,EN300-7543513
2285,C=C1C[C@@H]1C[C@H](N)C(=O)O,EN300-1072865
2286,NC1CC2CC(C(=O)O)CC12,EN300-1082510
2287,N[C@H]1COC[C@H]1C(=O)O,EN300-1716079
2288,Nc1cc(C(=O)O)cc(O)c1Cl,EN300-1700111
2289,COCC(N)(C(=O)O)c1ccccc1,EN300-1707004
2290,NC[C@@H](Cc1ccccc1)C(=O)O,EN300-1707052
2291,CC(C)[C@H](N)CC(=O)O,EN300-1697540
2292,N[C@H](CC(=O)O)CC1CCCCC1,EN300-1697662
2293,NCc1ncc(C(=O)O)s1,EN300-7356590
2294,Nc1ccc(C(=O)O)nn1,EN300-147296
2295,N[C@@H](C(=O)O)C1=CCC2CC2C1,EN300-7434116
2296,NC(Cc1cncnc1)C(=O)O,EN300-7426632
2297,Cn1cnc2cc(N)cc(C(=O)O)c21,EN300-749155
2298,Nc1cnn2ccc(C(=O)O)cc12,EN300-7546445
2299,CC(C)(C)C(O)C(N)C(=O)O,EN300-7563651
2300,N[C@H]1C[C@H](O)[C@H](O)C[C@H]1C(=O)O,EN300-7563210
2301,Nc1ccccc1C1(C(=O)[O-])CC1,EN300-26571403
2302,N#Cc1cc(C(=O)[O-])ncc1N,EN300-26571966
2303,CC(N)COc1cc(C(=O)O)ccc1Cl,EN300-26572112
2304,COc1ccc(CC(CN)C(=O)O)cc1OC,EN300-26573071
2305,NC(Cc1cccnc1F)C(=O)O,EN300-26619893
2306,COc1ncc(C(=O)O)cc1N,EN300-110286
2307,N[C@H](Cc1ccc([N+](=O)[O-])cc1)C(=O)O,EN300-7374806
2308,NC(C(=O)O)c1cccc(Br)c1,EN300-140961
2309,NCCOc1ccc(C(=O)O)cc1,EN300-746601
2310,NC(CCc1ccncc1)C(=O)O,EN300-1166899
2311,N[C@H](C(=O)O)C1CCCCC1,EN300-67362
2312,C=CCC[C@H](N)C(=O)O,EN300-85801
2313,Cc1cc(C)cc([C@@H](N)CC(=O)O)c1,EN300-1710072
2314,NC(C(=O)O)C(F)F,EN300-65344
2315,N[C@@H](COCc1ccccc1)CC(=O)O,EN300-1716073
2316,N[C@@H](Cc1ccc(I)cc1)C(=O)O,EN300-118974
2317,COC[C@H](N)CC(=O)O,EN300-1718736
2318,CC(C)Oc1ccc(C(=O)O)cc1N,EN300-105082
2319,CC(C)C(F)[C@H](N)C(=O)O,EN300-1700785
2320,CC1(C)C2CCC1(C(=O)O)C(N)C2,EN300-1722182
2321,CC(C)C(F)(CN)C(=O)O,EN300-1719430
2322,NC[C@H](O)CC(=O)O,EN300-1708835
2323,Cc1cc(C(=O)O)cc(N)c1Cl,EN300-1702753
2324,CSc1cccc(C(N)C(=O)O)c1,EN300-1846429
2325,NC(CC(=O)O)c1ccc(O)cc1,EN300-1842357
2326,CC1(C(=O)O)CCC(N)C1,EN300-2008842
2328,Cc1cc(Cl)ccc1C(N)C(=O)O,EN300-1983474
2329,NC(CC(=O)O)c1ccc(Cl)cc1Cl,EN300-1965721
2330,Cc1c(CN)oc2ccc(C(=O)O)cc12,EN300-7426970
2331,NCCCC(C(=O)O)C(F)(F)F,EN300-26658470
2332,COc1ccc(C(=O)O)nc1N,EN300-22108164
2333,CSCC(N)C(=O)NC(CO)C(=O)O,EN300-26619580
2334,Cc1ccc(Br)c(N)c1C(=O)O,EN300-746612
2335,Nc1c(Br)ccc(Cl)c1C(=O)O,EN300-3045426
2336,NC(CN1CCc2ccccc21)C(=O)O,EN300-7563209
2337,Cn1ncc(C[C@H](N)C(=O)O)c1O,EN300-26674969
2338,NC1C2CCC3C(C2)C13C(=O)O,EN300-26677876
2339,N[C@H]1[C@@H]2CC[C@@H](C2)[C@H]1C(=O)O,EN300-1179830
2340,CC(N)(C(=O)O)C1CC2CCC1C2,EN300-1179768
2342,NCc1cccc(-c2ccc(C(=O)O)cc2)c1,EN300-2008665
2343,NC[C@H](O)[C@H](O)C(=O)O,EN300-1725715
2344,CC(C)(F)C(N)C(=O)O,EN300-1828227
2345,COc1cc(N)c(C(=O)O)c(F)c1,EN300-1067020
2346,N[C@@H]1CCC[C@H]1C(=O)O,EN300-6759331
2347,NC(CNS(=O)(=O)c1ccsc1)C(=O)O,EN300-7432326
2348,C=C1CC(N)(C(=O)O)C1,EN300-26860928
2349,CC(C)C(N)(C(=O)O)C(C)C,EN300-7848397
2350,Cc1ccc(N)nc1C(=O)O,EN300-206088
2351,NCCC(O)CC(=O)O,EN300-7651184
2352,Cn1cnc(C[C@@H](N)C(=O)O)c1,EN300-1266227
2353,NC[C@H]1CCC[C@H]1C(=O)O,EN300-1266239
2354,Cc1ccc(N)cc1-c1cccc(C(=O)O)c1,EN300-1141841
2355,Nc1cnc2cc(C(=O)O)ccn12,EN300-6758890
2356,N[C@@H]1[C@H]2CCC[C@H]2[C@H]1C(=O)O,EN300-7433097
2357,CC(N)C(=O)NCCCCC(=O)O,EN300-7425888
2358,Nc1nn(CC(=O)O)cc1Br,EN300-7425036
2359,C[C@@H](N)CCC(=O)O,EN300-6764779
2360,CCC(N)C(C)(C)C(=O)O,EN300-7706800
2361,CSCC(N)C(=O)N1CCC(C(=O)O)C1,EN300-26573155
2362,Cn1ncc(C[C@@H](N)C(=O)O)c1O,EN300-26624054
2363,Cc1nc(CN)oc1C(=O)O,EN300-189295
2364,CC(C)[C@@H]1C[C@]1(N)C(=O)O,EN300-26667980
2365,CC(N)COc1cncc(C(=O)O)n1,EN300-26673443
2366,NC[C@H]1CCC[C@@H](C(=O)O)O1,EN300-26572072
2367,CC(N)(CC(=O)O)c1ccccc1F,EN300-1084826
2368,CC(CO)CC(N)C(=O)O,EN300-1297589
2369,CC(O)C(N)C(=O)O,EN300-18051
2370,CC(c1ccccc1)C(N)C(=O)O,EN300-298867
2371,NCC1CC(CC(=O)O)CO1,EN300-6735942
2372,NC(CC1CCSC1)C(=O)O,EN300-6736117
2373,Nc1ncc(C(=O)O)s1,EN300-106106
2374,Cc1ccc(C(N)CC(=O)O)cc1[N+](=O)[O-],EN300-6745678
2375,NCC1(c2cccc(C(=O)O)c2)CC1,EN300-7536945
2376,CC(C)Oc1ccc(C(N)CC(=O)O)cc1,EN300-226944
2377,Nc1cc(Cl)nc(C(=O)O)c1Cl,EN300-208837
2378,N[C@@H](COC1CCCCC1)C(=O)O,EN300-6734935
2379,NCCC[C@H](NS(=O)(=O)c1ccc([N+](=O)[O-])cc1)C(=O)O,EN300-6739421
2380,CC(N)C(O)C(=O)O,EN300-6487404
2381,CCc1ccc(C(N)CC(=O)O)cc1Br,EN300-6502143
2382,N[C@H]1C[C@]2(C(=O)O)C[C@H]12,EN300-6489684
2383,NCC12CC(C(=O)O)(C1)C1(COC1)O2,EN300-6491328
2384,NC1(C2(C(=O)O)CCC2)CCC1,EN300-26981427
2385,CC(C)C(CCN)C(=O)O,EN300-6479490
2386,NCc1ccc(CCC(=O)O)cc1,EN300-1605852
2387,N[C@H]1COCC[C@H]1C(=O)O,EN300-6482397
2388,CCCOc1ccc(C(N)CC(=O)O)cc1,EN300-6502986
2389,CC(C)CC(N)(C(=O)O)c1ccccc1,EN300-6731394
2390,NC(Cc1ccnc(O)c1)C(=O)O,EN300-6735503
2391,NCC(Cc1ccc(F)cc1)C(=O)O,EN300-54580
2392,NC(Cc1csc(Cl)c1)C(=O)O,EN300-6731488
2393,CSCC[C@H](NC(=O)[C@H](C)N)C(=O)O,EN300-6739908
2394,Nc1c(C(=O)[O-])cnn1C1CC1,EN300-6487596
2395,NC(Cc1ccsc1)C(=O)O,EN300-6496300
2396,Nc1c(C(=O)O)ccc(Br)c1C(F)(F)F,EN300-6486921
2397,NC(Cc1cncc(Cl)c1)C(=O)O,EN300-6488839
2398,NC1CC(F)(C(=O)O)C1,EN300-6486403
2399,C[C@@H](ON)C(=O)O,EN300-6497520
2400,NC(Cc1c(Cl)cncc1Cl)C(=O)O,EN300-6490789
2401,CC(C)CC(ON)C(=O)O,EN300-6487191
2402,Nc1cc(O)ccc1C(=O)O,EN300-151217
2403,Nc1ccc2c(c1)CCCC2C(=O)O,EN300-6738698
2404,CC(N)Cn1cc(C(=O)O)cn1,EN300-6731815
2405,Cc1ccc(C(=O)O)c(N)n1,EN300-170181
2406,CSCC(N)C(=O)O,EN300-6735781
2407,COc1ccc(N)c(C(=O)O)c1Br,EN300-218557
2408,NC(C(=O)O)c1cscn1,EN300-7426744
2409,CO[C@H](C)[C@H](N)CC(=O)O,EN300-6764035
2410,NC[C@@]1(F)CC[C@@H](C(=O)O)C1,EN300-7430619
2411,NC(Cc1cc(=O)[nH]c(=O)[nH]1)C(=O)O,EN300-7352303
2412,NCC1(C(=O)O)CC2(CC(F)(F)C2)C1,EN300-6746096
2413,CC(N)(CC(=O)O)C(F)F,EN300-7431794
2414,NC(C(=O)O)C1C2CC3CC(C2)CC1C3,EN300-650520
2415,Nc1nc(Br)ccc1C(=O)O,EN300-122508
2416,N[C@H](CC(=O)O)Cc1ccc(Br)cc1,EN300-7352746
2417,Cc1c(Cl)cc(N)c(C(=O)O)c1Cl,EN300-3033227
2418,N[C@H](CCc1c[nH]nc1C(F)(F)F)C(=O)O,EN300-7436632
2419,CC(N)(CC1=CCCCC1)C(=O)O,EN300-7427586
2420,N[C@H](CC(=O)O)c1cccnc1,EN300-7355585
2421,Nc1ccc(C(=O)O)c(Br)c1F,EN300-3010988
2422,Cn1nccc1CC(N)C(=O)O,EN300-7432990
2423,Nc1[nH]nc(C(=O)O)c1Br,EN300-7353617
2424,NC(Cc1cc(Br)nc(C(F)(F)F)c1)C(=O)O,EN300-26982758
2425,NC1(c2nccc(C(=O)O)n2)CC1,EN300-7426009
2426,NCC(C(=O)O)c1ccc(F)cc1,EN300-7433829
2427,NC(CC(=O)O)c1ccc(F)nc1,EN300-7430192
2428,Cc1cc(N)c(C)c(C(=O)O)c1,EN300-37411163
2429,NC(CC(=O)O)c1cccc(F)c1,EN300-1703081
2430,N[C@H](CC(=O)O)Cc1ccccc1,EN300-6497984
2431,NC(Cc1cc(Cl)cnc1Cl)C(=O)O,EN300-6499352
2432,NC(Cc1c(F)cncc1F)C(=O)O,EN300-6499219
2433,Nc1nc(Cl)c(Cl)nc1C(=O)O,EN300-109900
2434,Cc1sc(Cl)cc1CC(N)C(=O)O,EN300-6730841
2435,NCC1CCn2ncc(C(=O)O)c2C1,EN300-37313471
2436,NCc1ccc(C(=O)O)cc1C(F)(F)F,EN300-37297257
2437,NC1(C(=O)O)CCC12CCC2,EN300-37314032
2438,NC(Cc1ccnc(Br)c1)C(=O)O,EN300-6526649
2439,NC(Cc1cc(Br)nc(Br)c1)C(=O)O,EN300-6526816
2440,NC(C(=O)O)c1cccc(Cl)c1Cl,EN300-1265433
2441,Nc1ccc(/N=N/c2ccc(C(=O)O)cc2)cc1,EN300-6499364
2442,NC(Cc1cnc2ccccc2c1)C(=O)O,EN300-6501420
2443,Cc1ncc(C(=O)O)cc1N,EN300-6503708
2444,CC(N)COc1nc(C(=O)O)cs1,EN300-37325521
2445,COc1cc(C(=O)O)c(N)cc1Cl,EN300-19909264
2446,NC(CCCc1ccc(O)c(O)c1)C(=O)O,EN300-7494114
2447,N[C@@H](Cc1ccnc(F)c1)C(=O)O,EN300-7494014
2448,Nc1nn2ccccc2c1C(=O)O,EN300-1301379
2449,CC(C)Cc1ccc2c(N)c(C(=O)O)sc2n1,EN300-6730920
2450,Nc1cc(F)c(Br)c(F)c1C(=O)O,EN300-3102959
2451,NC1CCCN(CC(=O)O)C1=O,EN300-6733122
2452,NC(Cc1cc(C(F)(F)F)cs1)C(=O)O,EN300-6732382
2453,NC(C(=O)O)c1cccc(I)c1,EN300-6733281
2454,CCCc1ccc2c(N)c(C(=O)O)sc2n1,EN300-6730823
2455,CC(C)(C)OC[C@H](N)CC(=O)O,EN300-6743288
2456,N[C@H]1C[C@@](C(=O)O)(C(F)(F)F)C1,EN300-6743811
2457,NC(CC1CCS(=O)(=O)C1)C(=O)O,EN300-6733372
2458,N[C@@H](CCC1CCCCC1)C(=O)O,EN300-1300186
2459,NCC(Cc1cccc2ccccc12)C(=O)O,EN300-746840
2460,C[n+]1cncc(CC(N)C(=O)O)c1,EN300-7464022
2461,NC1(C(=O)O)C2CC3CC(C2)CC1C3,EN300-42043
2462,CN(C)CC[C@H](N)C(=O)O,EN300-37456310
2463,CC(N)(C(=O)O)c1ccc(Cl)c(Cl)c1,EN300-137995
2464,Cc1nc(N)c(F)c(C(=O)[O-])n1,EN300-52212079
2465,Nc1ccc(S(=O)(=O)NCCC(=O)O)cc1,EN300-37459377
2466,NC[C@@H](O)CC(=O)O,EN300-268153
2467,COc1c(C(=O)O)ncc(F)c1N,EN300-33051536
2468,Nc1ccc(C2(C(=O)O)CCCC2)cc1,EN300-37462665
2469,N[C@H]1C[C@@](C(=O)O)(c2ccccc2F)C1,EN300-37462516
2470,CC(N)COc1cc2ccccc2cc1C(=O)O,EN300-44832820
2471,NC(Cc1n[nH]c2ccccc12)C(=O)O,EN300-37468124
2472,Nc1cc(O)c(C(=O)[O-])c(O)c1,EN300-37468750
2473,NC(Cc1ccc2cc(O)ccc2c1)C(=O)O,EN300-37470075
2474,N#Cc1cccc(C(=O)O)c1N,EN300-129432
2475,CCCCC(C)(N)C(=O)O,EN300-6732760
2476,C[C@H](N)c1nc(C(=O)O)co1,EN300-37476860
2477,CC(C)(C)c1ccc(C(N)CC(=O)O)cc1,EN300-295657
2478,Cc1ncc(C[n+]2csc(CC(=O)O)c2C)c(N)n1,EN300-46610242
2479,NCC12CC(C(=O)O)(C1)C2(F)F,EN300-52810697
2480,N[C@@H](CC(=O)O)Cc1ccc(Cl)cc1,EN300-7390080
2481,NC(CNS(=O)(=O)c1cc(Cl)sc1Cl)C(=O)O,EN300-7432458
2482,CCCNS(=O)(=O)NC[C@H](N)C(=O)O,EN300-27702794
2483,NC1CCCN(CCC(=O)O)C1,EN300-26681719
2484,Cc1cc(F)ccc1CC(N)C(=O)O,EN300-51860594
2485,N[C@@H](Cc1ccc(OCc2ccccc2)cc1)C(=O)O,EN300-303158
2486,Cc1cc(N)ccc1-n1cccc1C(=O)O,EN300-62806
2487,Nc1ccc(C(=O)O)nn1,EN300-7690372
2488,NCC(=O)NCC(=O)O,EN300-17168
2489,NCC1(C(=O)O)Cc2ccccc2C1,EN300-9375847
2490,CC(C)(N)c1cc(C(=O)O)on1,EN300-746595
2491,NC(C(=O)O)C1CCc2ccccc21,EN300-1722849
2492,NC(C(=O)O)C1CCC(F)(F)CC1,EN300-7544973
2493,NC(C(=O)O)c1ccc(C(F)(F)F)cc1,EN300-72092
2494,NC(C(=O)O)C(O)c1ccc(Cl)c(F)c1,EN300-746591
2495,NC1(C(=O)O)CSC1,EN300-22383594
2496,N[C@@H]1[C@H](C(=O)O)[C@H]2C=C[C@@H]1C2,EN300-26862661
2497,COc1nc(N)ccc1C(=O)O,EN300-6432143
2498,NC1CCC(C(=O)O)c2ccccc21,EN300-1699585
2499,COc1cc(Br)cc(C(=O)O)c1N,EN300-152755
2500,NCCC1(C(=O)O)CCCCC1,EN300-6764269
2501,COc1ccc(Cl)cc1C(N)CC(=O)O,EN300-1983400
2502,N[C@@]1(C(=O)O)C[C@H]2OCCC[C@H]21,EN300-46762620
2503,COc1cc(OC)c(C(=O)O)c(N)c1Cl,EN300-1698378
2504,N[C@@H](CF)C(=O)O,EN300-22942186
2505,N[C@@H](CO)c1ccc(C(=O)O)cc1,EN300-25407060
2506,NC(CCc1ccc(Br)cc1)C(=O)O,EN300-7549582
2507,N[C@@H](Cc1ccc(O)c(I)c1)C(=O)O,EN300-6495864
2508,COc1ccc(C(=O)O)cc1CN,EN300-46981575
2509,N[C@H]1CCCC[C@@H]1C(=O)O,EN300-24728300
2510,NCC1CC(C(=O)O)C12CCC2,EN300-26658508
2511,CC(C)(C)c1ccc([C@H](N)CC(=O)O)cc1,EN300-84545
2512,CC(Sc1ccc(N)cc1)C(=O)O,EN300-205653
2513,CC1CC(N)(C(=O)O)CCO1,EN300-1179755
2514,NCCn1cnc(C(=O)O)c1,EN300-264393
2515,CC(N)CCCC(C)C(=O)O,EN300-85957
2516,Nc1c(C(=O)O)ccc(Br)c1F,EN300-190990
2517,CCC(N)CC(=O)O,EN300-87106
2518,Nc1c(C(=O)O)ccc(Cl)c1F,EN300-181503
2519,N[C@]1(C(=O)O)C[C@@H](F)C1,EN300-332545
2520,N[C@@H](Cc1c[nH]c(O)n1)C(=O)O,EN300-7352047
2521,NC(C(=O)O)c1ccccc1F,EN300-7408385
2522,Nc1cncc(C(=O)O)c1,EN300-68682
2523,NCCc1c[nH]c2cc(C(=O)O)ccc12,EN300-7471889
2525,Cc1c(N)ccc(C(=O)O)c1Cl,EN300-176851
2526,N[C@H](CC(=O)O)c1ccc(Cl)cc1,EN300-8657419
2527,NCC(F)(F)c1ccc(C(=O)O)cc1,EN300-27118150
2528,NC(CCCC(=O)O)C(F)(F)F,EN300-27107635
2529,NC(C(=O)O)c1ccc(Cl)c(C(F)(F)F)c1,EN300-27145042
2530,CSCC[C@H](N)C(=O)NCCC(=O)O,EN300-27118135
2531,NCC(Cc1cc2ccccc2s1)C(=O)O,EN300-27148147
2532,NC(Cn1ccc2cccnc21)C(=O)O,EN300-27150313
2533,Nc1cccc2cc(C(=O)O)cnc12,EN300-263437
2534,Nc1c(C(=O)[O-])sc2c1CCCC2,EN300-27107677
2535,NC1CC2(C1)C(C(=O)O)C21CCC1,EN300-27113062
2536,NC(CC1CCC(F)(F)CC1)C(=O)O,EN300-27118057
2537,Nc1ccn2cc(C(=O)O)nc2c1,EN300-21644769
2538,CC(F)(F)CCC(N)C(=O)O,EN300-7907414
2539,CC(C)C(N)CCC(=O)O,EN300-7732445
2540,COC1(OC)CC(N)(C(=O)O)C1,EN300-27103583
2541,NC(Cc1ccc2c(c1)OCCCO2)C(=O)O,EN300-170803
2542,NC(CSCc1cccc2cccnc12)C(=O)O,EN300-99788
2543,N[C@H](COC(F)(F)F)C(=O)O,EN300-27194539
2544,Nc1cnc(C(=O)[O-])s1,EN300-7430010
2545,Nc1ncnc2c1ncn2Cc1ccc(C(=O)O)o1,EN300-318191
2546,NCCCC(=O)N[C@@H](Cc1c[nH]cn1)C(=O)O,EN300-172450
2547,CCOc1cc(N)c(C(=O)O)cc1OCC,EN300-68491
2548,NC(CC(=O)O)c1nccs1,EN300-118922
2549,Nc1ncnc2c1ncn2CC(=O)O,EN300-71413
2550,NCC1(C(=O)O)CCCCC1,EN300-18788230
2551,CC(C)C(N)c1cccc(C(=O)O)c1,EN300-27685189
2552,CCCCCCCC(N)CC(=O)O,EN300-178555
2553,CCc1ccc(N)c(C(=O)O)c1,EN300-75782
2554,COC1CC2(C1)CC(N)(C(=O)O)C2,EN300-27194409
2555,NCC(C(=O)O)c1ccccc1,EN300-188654
2556,N[C@@H](CC1CC1(F)F)C(=O)O,EN300-27159125
2557,Cc1cc(C(=O)O)ccc1OC(F)(F)CN,EN300-27194055
2558,NC(Cc1cccc(Br)n1)C(=O)O,EN300-27158340
2559,N[C@@H](COC(F)(F)F)C(=O)O,EN300-27158512
2560,COc1ccc(C(N)C(=O)O)cc1C(F)(F)F,EN300-27160446
2561,Cc1ccccc1[C@H](N)CC(=O)O,EN300-24220008
2562,COc1cc(Cl)cc(N)c1C(=O)O,EN300-127965
2563,Nc1cc(F)cc(Cl)c1C(=O)O,EN300-190831
2564,NC1(CC(=O)O)CCOCC1,EN300-191439
2565,N[C@@H](Cc1ccc(Cl)c(Cl)c1)C(=O)O,EN300-1168597
2566,COc1cc(C(=O)O)ccc1OC(F)(F)CN,EN300-27194070
2567,CC1CCC(N)(CC(=O)O)CC1,EN300-302380
2568,CC(C)C(N)(C(=O)O)c1ccccc1,EN300-192326
2569,Nc1sc2c(c1C(=O)O)COCC2,EN300-27687357
2570,Cc1c(F)ccc(C(=O)O)c1N,EN300-130890
2571,Nc1c(F)ccc(F)c1C(=O)O,EN300-198412
2572,NC1CCN(c2ccc(C(=O)O)cc2)CC1,EN300-85165
2573,COC(CCN)C(=O)O,EN300-220330
2574,Nc1cc(-c2ccccc2)sc1C(=O)O,EN300-25466
2575,CCC(N)CCCCC(=O)O,EN300-27194184
2576,Nc1ccc(C(F)(F)F)c(C(=O)O)c1,EN300-145497
2577,CC(N)CCCCCCC(=O)O,EN300-27684956
2578,N[C@@H](C(=O)O)c1ccccc1,EN300-34338
2579,NC(CC(=O)O)(c1ccccc1)C(F)(F)F,EN300-91825
2580,Cc1c(N)cnn1C(C)C(=O)O,EN300-92663
2581,C[C@@]1(C(=O)O)C[C@H]2CC[C@@H]1C[C@H]2N,EN300-27686764
2582,NC1(c2ccc(C(=O)O)cc2)CCOCC1,EN300-27686838
2583,CC(C)CC(C)(N)C(=O)O,EN300-7701590
2584,Cc1ccc(C(N)C(=O)O)cc1C(F)(F)F,EN300-27160445
2585,N[C@@H](CC1OCCO1)C(=O)O,EN300-6289891
2586,N[C@@H](CC(=O)O)Cc1ccc(Br)cc1,EN300-7361139
2587,NC(Cn1ccnc1)C(=O)O,EN300-262774
2588,Cc1n[nH]c(N)c1C(=O)O,EN300-27193678
2589,Nc1cc(C(=O)O)c2n(c1=O)CCCC2,EN300-7471872
2590,NC(CC(=O)O)C1CCCCCC1,EN300-1267143
2591,NC12CCC(C(=O)O)(CC1)CC2,EN300-1605785
2592,Cc1c(C(=O)O)nn(C)c1N,EN300-729495
2593,COc1ccc(F)cc1C(N)C(=O)O,EN300-218479
2594,COc1ccc(C(=O)O)c(F)c1N,EN300-695851
2595,N#Cc1ccc(C[C@H](N)C(=O)O)cc1,EN300-1167130
2596,N[C@@H](Cc1ccc(O)cc1)C(=O)N1CCC[C@H]1C(=O)O,EN300-26959934
2597,N[C@H]1CCCC[C@@H]1OCC(=O)O,EN300-23551245
2598,COc1nc(N)ncc1C(=O)O,EN300-1428902
2599,CC1(C)CC(N)(C(=O)O)C1,EN300-1662362
2600,N[C@@H]1[C@H]2CCCCCC[C@H]2[C@H]1C(=O)O,EN300-27150264
2601,COc1cc2nc(N3CCC(C(=O)O)CC3)nc(N)c2cc1OC,EN300-27144727
2602,Cc1ccc(C[C@@H](N)C(=O)O)c(Cl)c1,EN300-27147476
2603,NCc1ccc(C(=O)O)nc1,EN300-1723117
2604,NCC(F)(F)c1cccc(C(=O)O)c1,EN300-27148502
2605,COc1ccc(C(=O)O)cc1OCCN,EN300-39668967
2606,CCC[C@@H](N)C(=O)N[C@@H](Cc1ccc(O)cc1)C(=O)O,EN300-39667103
2607,NC(CC1CCCOC1)C(=O)O,EN300-39669010
2608,NC(C(=O)O)c1ccc(Oc2ccccc2)cc1,EN300-1869203
2609,Nc1c(C(=O)O)nsc1I,EN300-37470595
2610,N[C@H]1CCC[C@H]1CC(=O)O,EN300-37478008
2611,Cc1ccc(C(N)CC(=O)O)cc1C,EN300-399831
2612,NCC1CC(C(=O)O)CO1,EN300-27150556
2613,CC(C)(C)CC1CC(N)(C(=O)O)C1,EN300-27147300
2614,NC1(CC(=O)O)CCCS(=O)(=O)C1,EN300-27148142
2615,Cc1ccc(C[C@H](N)C(=O)O)c(Cl)c1,EN300-27148240
2616,N[C@H]1C[C@@](C(=O)O)(c2ccc(F)cc2)C1,EN300-37478043
2617,Cc1cc(N)nn1C(C)C(=O)O,EN300-18477659
2618,NC1(C(=O)O)CC2(CCCC2)C1,EN300-7543206
2619,Nc1cc(C(=O)O)n(CC(F)F)n1,EN300-232709
2620,Cc1c(N)ccc(F)c1C(=O)O,EN300-211092
2621,NC(C(=O)O)C1CCCCCC1,EN300-8219700
2622,NC(C(=O)O)c1cc(Cl)cc(C(F)(F)F)c1,EN300-27160442
2623,CCC(CC)[C@H](N)C(=O)O,EN300-24201324
2624,Nc1ccc(C(=O)O)c2c1CCCC2,EN300-2007747
2625,NCc1ccc(-c2ccc(C(=O)O)cc2)cc1,EN300-2008244
2626,C[Si](C)(C)CC1CC(N)(C(=O)O)C1,EN300-27695604
2627,CSCC(N)C(=O)N(C)CCC(=O)O,EN300-26573255
2628,Cc1nnc2sc(C(=O)O)c(N)c2c1C,EN300-2441060
2629,Nc1c(O)ccc([N+](=O)[O-])c1C(=O)O,EN300-26619784
2630,C[C@@H](N)CCc1cccc(C(=O)O)c1,EN300-26678509
2631,NC1CC(O)(C(=O)O)C1,EN300-26678572
2632,Nc1cccc(SCCCCCC(=O)O)c1,EN300-27151938
2633,N#Cc1ccc(CC(N)C(=O)O)cc1F,EN300-27145274
2634,CC(N)CCCNC(=O)C(=O)O,EN300-27194307
2635,CC(N)CCNC(=O)C(=O)O,EN300-27194386
2636,CC(F)(F)CC(N)C(=O)O,EN300-6479603
2637,CC(N)c1nocc1C(=O)O,EN300-6476894
2638,CC(C)(CCN)C(=O)O,EN300-7404724
2639,CC(C)C[C@H](N)C(=O)N[C@@H](C)C(=O)O,EN300-7380016
2640,Nc1cccc2cc(C(=O)O)ncc12,EN300-305269
2641,NCCCC1CCC(C(=O)O)O1,EN300-27147615
2642,NCCC(=O)N1CCC[C@H]1C(=O)O,EN300-27160313
2643,NCCOCCOCC(=O)O,EN300-314367
2644,Nc1c(Cl)cc(Br)cc1C(=O)O,EN300-19034002
2645,NC1(C(=O)O)CC2CC1C2,EN300-27719276
2646,Cc1cc(N)c(C(=O)O)cc1Br,EN300-365576
2647,CC(C)(C)Oc1cc(C(=O)O)ccc1N,EN300-371731
2648,Nc1c(-c2ccc(F)cc2)nsc1C(=O)O,EN300-374125
2649,CC(N)CCCCNC(=O)C(=O)O,EN300-27692726
2650,COc1cc(N)c(C(=O)O)cc1O,EN300-6493815
2651,Nc1nc2c(Br)cc(C(=O)O)cc2s1,EN300-658740
2652,Nc1cc(C(=O)O)cnc1Br,EN300-6748689
2653,N[C@H]1CCC2(CC2)C[C@H]1C(=O)O,EN300-1716754
2654,NC1CCC(OCC(=O)O)CC1,EN300-814342
2655,NCC1CCC(C(=O)O)CO1,EN300-27703550
2656,COC(=O)NCC[C@H](N)C(=O)O,EN300-27708350
2657,Nc1nccc(C(=O)O)c1Cl,EN300-300819
2658,COC(=O)[C@@H](N)CCC(=O)O,EN300-244993
2659,N[C@@H](CC(=O)O)Cc1ccc(F)cc1,EN300-7370871
2660,NCC12CCC(C(=O)O)(CC1)OC2,EN300-44822470
2661,NCc1cc2sc(C(=O)O)cc2s1,EN300-7438905
2662,Nc1cccc2c1OCC(C(=O)O)C2,EN300-20882086
2663,Nc1cn2c(C(=O)O)cccc2n1,EN300-27707661
2664,Nc1ccc(C(=O)O)cc1I,EN300-181465
2665,NC1(C(=O)O)CC(c2cccc(Br)c2)C1,EN300-27691999
2666,N[C@H](CC(=O)O)c1ccc(Br)cc1,EN300-8684603
2667,NCC[C@@H]1C[C@H]1C(=O)O,EN300-39677562
2668,Nc1cc(Br)sc1C(=O)[O-],EN300-39844850
2669,CCCNS(=O)(=O)CCC(N)C(=O)O,EN300-27701051
2670,NC(Cc1c(F)cccc1Cl)C(=O)O,EN300-10006162
2671,CC(C)(N)C(=O)N[C@@H](Cc1ccc(O)cc1)C(=O)O,EN300-6735952
2672,CN(C)[C@@H](CCCCN)C(=O)O,EN300-27717987
2673,Nc1ccc(C(=O)O)o1,EN300-143741
2674,NCc1sc(Br)nc1C(=O)O,EN300-27722121
2675,C=C(C)CC(N)C(=O)O,EN300-7663173
2676,NCc1nc[nH]c1C(=O)O,EN300-39672544
2677,NC(Cc1ccc(I)cc1)C(=O)O,EN300-252722
2678,N[C@H](CC(=O)O)Cc1ccccc1Br,EN300-7363520
2679,NCCCCCNC(=O)C(=O)O,EN300-27158606
2680,CN1CCC(CC(N)C(=O)O)CC1,EN300-27692732
2681,N[C@H](CC(=O)O)Cc1ccc(F)cc1,EN300-7390073
2682,CC(C)(C)O[C@@H](CCN)C(=O)O,EN300-26982708
2683,NC1CCC(C(=O)O)(c2ccccc2)CC1,EN300-46376616
2684,CC[C@H](C)[C@@H](N)C(=O)O,EN300-101127
2685,CCCC(N)C(=O)NC(Cc1ccc(O)cc1)C(=O)O,EN300-39843426
2686,Nc1nccc(C(=O)O)c1F,EN300-1721943
2687,NCCSCc1cccc(C(=O)O)c1,EN300-39677390
2688,NC1(C(=O)O)CC2(CC(F)C2)C1,EN300-27685900
2689,CC1(C)Oc2ccc(C[C@H](N)C(=O)O)cc2O1,EN300-18786212
2690,CCC[C@@H](N)C(=O)N[C@H](Cc1ccc(O)cc1)C(=O)O,EN300-39677671
2691,Nc1c(C(=O)O)sc2ncncc12,EN300-3081081
2692,Nc1ccc(C(=O)O)s1,EN300-70859
2693,NC1CCCc2ccc(C(=O)O)cc21,EN300-7436364
2694,NC12CCCC(C(=O)O)(CC1)C2,EN300-27717336
2695,Nc1ccc(C(=O)O)c(F)n1,EN300-7540458
2696,NC[C@H]1C[C@H]1CC(=O)O,EN300-27736499
2697,Nc1cc(C(=O)O)c[nH]c1=O,EN300-144687
2698,Nc1snnc1C(=O)O,EN300-144515
2699,NCC(Cc1ccncc1)C(=O)O,EN300-261269
2700,Cn1cnc(N)c1C(=O)[O-],EN300-6766798
2701,Nc1cc(OC(F)F)ccc1C(=O)O,EN300-1697174
2702,Cc1cc(N)cc(C(=O)O)c1F,EN300-3004607
2703,Nc1c(F)cc(Br)c(F)c1C(=O)O,EN300-208445
2704,CC(C)(O)[C@@H](N)C(=O)O,EN300-214788
2705,CC(C)C[C@H](NC(=O)[C@@H](C)N)C(=O)O,EN300-7374554
2706,NCCn1ccc(C(=O)O)n1,EN300-6764327
2707,COc1c(N)ccc(C(=O)O)c1F,EN300-7457223
2708,CC(C)C[C@H](NC(=O)CN)C(=O)O,EN300-881493
2709,CSCC[C@H](N)C(=O)NCC(=O)O,EN300-881949
2710,Nc1nn(Cc2ccccc2)cc1C(=O)O,EN300-6948352
2711,Nc1cnncc1C(=O)O,EN300-4282054
2712,NCC1CCC2(CC(C(=O)O)C2)O1,EN300-27703143
2713,CC(C)(C(=O)[O-])c1ccc(N)nc1,EN300-27703532
2714,Nc1nnc(Cl)cc1C(=O)O,EN300-250095
2715,CN(C)c1cc(C(=O)O)ccc1N,EN300-175856
2716,Nc1ncnc2c(C(=O)O)cnn12,EN300-19579482
2717,Nc1cc(Cl)c(F)c(C(=O)O)c1F,EN300-19581449
2718,NCC1CCC2(CO1)CC(C(=O)O)C2,EN300-27703596
2719,NCc1c(C(=O)O)sc2ccccc12,EN300-27713215
2720,Nc1cc2c(cc1C(=O)O)OC(F)(F)O2,EN300-9602071
2721,Nc1cc(Cl)cc(C(=O)O)c1Cl,EN300-103930
2722,NC(C(=O)O)c1cccc([N+](=O)[O-])c1,EN300-97947
2723,Nc1cc(C(=O)O)ccc1C1CC1,EN300-7463799
2724,CCCCc1ccc(C(=O)O)cc1N,EN300-8593313
2725,N[C@H](Cc1c[nH]c(O)n1)C(=O)O,EN300-27754087
2726,CC1(CC(N)C(=O)O)CC1,EN300-28227236
2727,Nc1ccc(Oc2ccccc2)cc1C(=O)O,EN300-54817
2728,Cc1cc(F)ccc1CC(CN)C(=O)O,EN300-358922
2729,Nc1onc(CCC(=O)O)c1Cl,EN300-7959086
2730,N[C@H](C(=O)O)c1ccc(Cl)cc1,EN300-122219
2731,NCC1CCc2nc(C(=O)O)cn2C1,EN300-27737246
2732,N[C@H](C[C@H]1CCCO1)C(=O)O,EN300-27735119
2733,Nc1cc(CC(=O)O)[nH]n1,EN300-311301
2734,COCCOc1cc(C(=O)O)ccc1N,EN300-315514
2735,CCOc1ccc(C(N)C(=O)O)cc1,EN300-1720741
2736,COc1ccc([N+](=O)[O-])c(CC(N)C(=O)O)c1,EN300-51746909
2737,Nc1ncnc(C(=O)O)c1F,EN300-19080910
2738,NC1COC2(C(=O)O)CC1C2,EN300-28228387
2739,CC[C@H](N)c1nc(C(=O)O)n(C)n1,EN300-27703296
2740,Nc1c(C(=O)O)nc2c(C(F)(F)F)cccn12,EN300-19974113
2741,Nc1nncn1CC(=O)O,EN300-28247261
2742,CC(C)(C[C@H](N)C(=O)O)C(F)F,EN300-28228150
2743,Nc1ncnn1CC(=O)O,EN300-1605305
2744,Nc1nccc2cc(C(=O)O)ccc12,EN300-28220768
2745,Nc1n[nH]c2ncc(C(=O)O)cc12,EN300-1718571
2746,C[C@]1(C(=O)O)C[C@@H](N)C1,EN300-19342301
2747,NC(C(=O)[O-])C1COC1,EN300-28244397
2748,NC(C(=O)O)c1ccc(Cl)c(Br)c1,EN300-1695613
2749,CC(C)(C)c1cc(N)ccc1C(=O)O,EN300-28226991
2750,Nc1nn(-c2ccccc2)cc1C(=O)O,EN300-9424474
2751,N[C@H](CC(=O)O)c1ccc(F)cc1,EN300-23628082
2752,COc1cccc(C(=O)O)c1CN,EN300-28234199
2753,N[C@@H](CO)CC(=O)O,EN300-816486
2754,N[C@@H](Cc1ccccc1)C(O)C(=O)O,EN300-10009059
2755,NCCn1cnc(C(=O)O)c1,EN300-263117
2756,COc1ccc(CC(N)C(=O)O)cc1OC,EN300-12705949
2757,NC1CCC(CC(=O)O)CC1,EN300-1213475
2758,NC(C[C@@H]1CCCO1)C(=O)O,EN300-27777411
2759,N#Cc1cccc(CC(N)C(=O)O)c1,EN300-1168236
2760,NCc1csc2ccc(C(=O)O)cc12,EN300-27777043
2761,NC[C@@H]1CO[C@@H](C(=O)O)CO1,EN300-27777085
2762,NC1(C(=O)[O-])CC2CC3CC(C2)C1C3,EN300-27777693
2763,Nc1ccc2c(C(=O)O)c[nH]c2c1,EN300-71658
2764,COc1ccnc(C(=O)O)c1N,EN300-27780118
2765,C[C@H](OCc1ccccc1)[C@@H](N)C(=O)O,EN300-317712
2766,Nc1ccc(C2(C(=O)O)CC2)cc1,EN300-27779504
2767,N[C@@H](Cc1ccc(C(F)(F)F)cc1)C(=O)O,EN300-199895
2768,NC(CCC1CCCC1)C(=O)O,EN300-27780739
2769,COc1ccc(-n2ncc(C(=O)O)c2N)cc1,EN300-96030
2770,Nc1cnc(C(=O)O)c(Cl)c1,EN300-27782139
2771,CC1CC(N)CN(CCC(=O)O)C1,EN300-26865359
2772,Nc1ccc(Oc2ccnc(C(=O)O)c2)cc1,EN300-222577
2773,NC(C(=O)O)C1(O)CCCCC1,EN300-1720263
2774,NC(C(=O)O)C1Cc2ccccc2C1,EN300-1168727
2775,NC[C@H](CC(=O)O)c1ccc(Cl)cc1,EN300-10006902
2776,Nc1c(C(=O)O)ccnc1F,EN300-27755242
2777,NC[C@@H](CC(=O)O)c1ccc(Cl)cc1,EN300-26025407
2778,COc1ccc(C[C@H](N)C(=O)O)cc1OC,EN300-6472429
2780,N[C@@H](CC(=O)O)Cc1cccc(Br)c1,EN300-7422050
2781,CSC[C@H](N)C(=O)O,EN300-7617604
2782,N[C@H](Cc1ccccc1Cl)C(=O)O,EN300-1299788
2783,CC1CCCCC1(N)C(=O)O,EN300-7894305
2784,N[C@H]1CC[C@H](CC(=O)O)CC1,EN300-7400015
2785,Nc1c(C(=O)O)cc(Cl)c(Br)c1Cl,EN300-27721016
2786,CSC[C@H](N)C(=O)O,EN300-314842
2787,N[C@H](CCC(=O)OCc1ccccc1)C(=O)O,EN300-6975432
2788,CC(N)CNC(=O)CCCC(=O)O,EN300-8506485
2789,NCc1c(F)cc(C(=O)O)cc1F,EN300-6498671
2790,CN(C)C(=O)CC[C@H](N)C(=O)O,EN300-27780907
2791,Nc1cc(Cl)c(I)cc1C(=O)O,EN300-310444
2792,Nc1c(F)ccc(C(=O)O)c1F,EN300-27752611
2793,Nc1ccc(F)c(F)c1C(=O)O,EN300-27750607
2794,Nc1ncc(Br)c(C(=O)O)c1[N+](=O)[O-],EN300-1270510
2795,N[C@H]1CC[C@@H](OCCC(=O)O)C1,EN300-27702966
2796,Cc1ccc(N)c(F)c1C(=O)O,EN300-27754213
2797,CC(C)C(CN)c1cccc(C(=O)O)c1,EN300-27713344
2798,N[C@H](C[C@@H]1CCCO1)C(=O)O,EN300-27719519
2799,CC1(C)CCC(N)(CC(=O)O)CC1,EN300-27734648
2800,CP(C)(=O)CC(N)C(=O)O,EN300-27735801
2801,NC(Cc1c[nH]c2ncccc12)C(=O)O,EN300-27736495
2802,Nc1cncc(Br)c1C(=O)O,EN300-1667057
2803,N[C@@H](C[C@@H]1CCCO1)C(=O)O,EN300-27719518
2804,NC(CCCCOCc1ccccc1)C(=O)O,EN300-27748811
2805,N[C@@H](Cc1ccc(F)cc1F)C(=O)O,EN300-27750269
2806,Nc1c(Cl)c(C(=O)O)cc(F)c1Br,EN300-27158365
2807,NCCC(=O)N1CCC[C@@H]1C(=O)O,EN300-27736501
2808,NC(C(=O)O)c1cccc(F)c1F,EN300-205261
2809,CC(C)(C)OC(=O)[C@@H](N)CC(=O)O,EN300-2010109
2810,NCC1CCc2nc(C(=O)O)cn2C1,EN300-27754974
2811,COc1ccc(C[C@H](N)C(=O)O)cc1,EN300-4226968
2812,N[C@H](CC(=O)O)C(=O)OCc1ccccc1,EN300-7380247
2813,CC(N)COc1cc(C(=O)O)ccn1,EN300-27736743
2814,Cc1cccc(CC(N)C(=O)O)n1,EN300-27735124
2815,N[C@@H](CC(=O)O)C1CCCC1,EN300-7366904
2816,N[C@@H](c1ccccc1)[C@@H](O)C(=O)O,EN300-7386027
2817,COc1ccc(C[C@@H](N)C(=O)O)cc1,EN300-4226974
2818,N[C@@H](CC(=O)O)c1ccc(F)cc1,EN300-8668562
2819,Nc1ncc(Cc2cccc(C(=O)O)c2)s1,EN300-62424
2820,C[Si](C)(C)CC(N)C(=O)O,EN300-7732844
2821,N[C@H](CC(=O)O)Cc1cccc(Br)c1,EN300-21638071
2822,Cc1cc(N)c(C(=O)O)nc1C,EN300-25381888
2823,Nc1nc2ccccc2nc1C(=O)O,EN300-2662064
2824,Nc1ncc(C(=O)O)c2cc[nH]c12,EN300-8110825
2825,NCC12CC(C1)C(C(=O)O)CO2,EN300-27750750
2826,NC(Cc1cc(F)c(F)c(F)c1F)C(=O)O,EN300-27751009
2827,Nc1c(C(=O)O)cc(F)cc1C(F)(F)F,EN300-5110626
2828,Cc1cc(Cl)nc(N)c1C(=O)O,EN300-27747473
2829,N[C@@H](Cc1csc(C(F)(F)F)n1)C(=O)O,EN300-27193060
2830,C[C@H](CCN)CC(=O)O,EN300-27747677
2831,CC(C)C[C@H](NC(=O)[C@@H](O)[C@H](N)Cc1ccccc1)C(=O)O,EN300-7388593
2832,Nc1ncc(C(=O)O)cc1O,EN300-6479645
2833,Nc1ccc(SC(F)(F)F)cc1C(=O)O,EN300-28243759
2834,CN(C)C(=O)C[C@@H](N)C(=O)O,EN300-28254115
2835,NC(C(=O)O)(c1ccccc1)C(F)(F)F,EN300-623897
2836,Nc1nc(C(F)(F)F)ccc1C(=O)O,EN300-140624
2837,Nc1ccc2c(c1C(=O)O)OC(F)(F)O2,EN300-9430504
2838,N[C@@H](Cc1cc(Cl)ccc1Cl)C(=O)O,EN300-5560653
2839,N[C@H](Cc1cc(Cl)ccc1Cl)C(=O)O,EN300-28265695
2840,N[C@H](Cc1csc2ccccc12)C(=O)O,EN300-5462720
2841,Nc1ccc(C(=O)O)c(F)c1F,EN300-4265931
2842,Nc1cc2ccccc2cc1C(=O)O,EN300-10008849
2843,N[C@H]1C[C@@H](C(=O)O)C[C@H]1O,EN300-28265997
2844,CO[C@H]1CC[C@](N)(C(=O)O)CC1,EN300-28266038
2845,Nc1ncc(CC(=O)O)c(O)n1,EN300-8163778
2846,CCC(N)COc1cccc(C(=O)O)n1,EN300-27712872
2847,N[C@@H](CC(=O)O)c1ccc(Cl)cc1,EN300-7422449
2848,N[C@H](CC(=O)O)Cc1cccc(F)c1,EN300-7370856
2849,Nc1c(C(=O)O)nc2ccc(CO)cn12,EN300-9474697
2850,Nc1cnnc(C(=O)O)c1,EN300-7158865
2851,NC(Cc1cc(Cl)ccc1Cl)C(=O)O,EN300-10006160
2852,CC(C)(C)OC(=O)[C@H](N)CCC(=O)O,EN300-316029
2853,COc1ccc(C(N)C(=O)O)cc1Cl,EN300-138057
2854,Cc1cc(C(=O)O)cc(C)c1N,EN300-246020
2855,NC1(c2ncc(C(=O)O)cn2)CCC1,EN300-26624043
2856,NC1CCC(CCCC(=O)O)C1,EN300-28227321
2857,Nc1nc(Cl)c2ncn(CC(=O)O)c2n1,EN300-1688932
2858,Nc1cc(F)c(CC(=O)O)c(F)c1,EN300-28262664
2859,Cc1ccc2nc(C(=O)O)c(N)n2c1,EN300-28244341
2860,Nc1c(C(=O)O)nc2ccc(C(F)(F)F)cn12,EN300-19040334
2861,CC1(C)[C@@H](CCC(=O)O)C[C@H]1N,EN300-20082861
2862,NC1(C(=O)O)CC2(CCC(F)(F)CC2)C1,EN300-28253072
2863,Cc1cc(Cl)c(C)c(C(=O)O)c1N,EN300-28230358
2864,N[C@@H](C[C@H]1CCCO1)C(=O)O,EN300-27781002
2865,NC(CC(=O)O)Cc1ccsc1Cl,EN300-28228132
2866,CCc1ccc(C(=O)O)c(N)c1,EN300-76368
2867,Nc1cnc2ccc(C(=O)O)cn12,EN300-27736557
2868,N[C@@H](Cc1cn[nH]c1C(F)(F)F)C(=O)O,EN300-7456784
2869,NC1CCCC(CCCC(=O)O)C1,EN300-26956073
2870,Nc1c(C(=O)O)nc2cc(C(F)(F)F)ccn12,EN300-19039217
2871,NC1CCCC(CC(=O)O)C1,EN300-19123691
2872,NC(C(=O)O)c1cc(C(F)(F)F)cc(C(F)(F)F)c1,EN300-27160507
2873,N[C@H]1CC[C@@]2(C(=O)O)C[C@@H]12,EN300-27163537
2874,N[C@@H](CC1=CCCCC1)C(=O)O,EN300-28234336
2875,N[C@@H](CC1=CCCC1)C(=O)O,EN300-28254306
2876,N[C@H](Cc1ccc(I)cc1)C(=O)O,EN300-1168710
2877,N[C@@H](Cc1cccc(F)c1F)C(=O)O,EN300-5323369
2878,CO[C@@H](C)[C@@H](N)C(=O)O,EN300-27166056
2879,CCc1cc(N)cc(C(=O)O)c1,EN300-7830313
2880,N[C@@H](Cc1csc(Cl)n1)C(=O)O,EN300-28268253
2881,NC1(C(=O)[O-])CCC2(CC1)OCCO2,EN300-28312736
2882,Nc1ccc(C(=O)O)c(-c2ccccc2)c1,EN300-10841048
2883,N[C@@H](CC(=O)O)Cc1ccccc1F,EN300-7370868
2884,N[C@@H]1CC[C@H]1C(=O)O,EN300-7389504
2885,NCc1cccc2c(C(=O)O)cccc12,EN300-33039613
2886,NC1[C@@H]2CC[C@H]1C[C@H](C(=O)O)C2,EN300-28315889
2887,NCC(C(=O)O)c1ccc(-c2ccccc2)cc1,EN300-28316013
2888,NCc1cn2cccc(C(=O)O)c2n1,EN300-28316051
2889,Nc1ccc(-n2ccc(C(=O)O)n2)cc1,EN300-18477422
2890,N[C@@H](CC(=O)O)c1ccc(C(F)(F)F)cc1,EN300-7438711
2891,N[C@@H]1C[C@@H]2C[C@@H](C(=O)O)C[C@@H]21,EN300-28311937
2892,NC/C=C/C=C/C(=O)O,EN300-28312694
2893,Cc1c(C(=O)O)n[nH]c1N,EN300-325804
2894,N#Cc1cccc(C[C@H](N)C(=O)O)c1,EN300-1168235
2895,NC(CCC(=O)O)Cc1ccsc1Cl,EN300-28228133
2897,N[C@H]1CCC[C@@H](C(=O)O)[C@H]1O,EN300-28995934
2898,CC12CC(C(=O)O)(C1)C(CN)O2,EN300-30776687
2899,CSCC1(C(=O)O)CC(N)C1,EN300-28331946
2900,Cc1cc(C(=O)O)ccc1CN,EN300-28332216
2901,Nc1ccc(OCC(=O)O)cc1,EN300-8221068
2902,COc1ccc(C(=O)O)c(C)c1N,EN300-28684136
2903,NC(COC(F)F)C(=O)O,EN300-7472110
2904,N[C@@H](CC(=O)O)Cc1cccc(F)c1,EN300-7390066
2905,Nc1c(Br)cc(F)c(C(=O)O)c1F,EN300-3084483
2906,NC12CC(CC(=O)O)(C1)C2,EN300-22133747
2907,NC(Cc1ccc(F)c(Cl)c1)C(=O)O,EN300-26025437
2908,NCCCCCCNC(=O)C(=O)O,EN300-28328711
2909,CC(C)(F)CC[C@H](N)C(=O)O,EN300-27712661
2910,NCc1ccc(CC(=O)O)cn1,EN300-28310731
2911,NCc1cn2ccc(C(=O)O)cc2n1,EN300-28256771
2912,NC(=O)CCC(NC(=O)OCc1ccccc1)C(=O)O,EN300-17223
2913,CCC(N)COC(C)C(=O)O,EN300-28320516
2914,Nc1cccc(CCC(=O)O)c1,EN300-1605740
2915,NCC(C(=O)O)c1ccc(C(F)(F)F)cc1,EN300-22139880
2916,Nc1ccc2nccc(C(=O)O)c2c1,EN300-18975563
2917,NCc1ccc(Cl)c(C(=O)O)c1Cl,EN300-28311055
2918,N[C@H](CCCC(F)(F)F)C(=O)O,EN300-33039555
2919,COc1cc(C(=O)O)c(OC)cc1CCN,EN300-28256881
2920,Nc1ccc(-c2n[nH]cc2C(=O)O)cc1,EN300-28338477
2921,CC12CC(N)(C1)C(C(=O)O)O2,EN300-28338480
2922,CC(C)(C(=O)O)n1cc(CN)nn1,EN300-28339496
2923,NCCc1cc(C(=O)O)no1,EN300-36596822
2924,Nc1nc(Cl)c(Cl)cc1C(=O)O,EN300-7878871
2925,NC1(C(=O)O)C2CC1CN(Cc1ccccc1)C2,EN300-106519
2926,CCc1cc(N)c(C(=O)O)cc1F,EN300-8379818
2927,NC(CC1CC(F)(F)C1)C(=O)O,EN300-6763596
2928,Cn1cc(C(N)C(=O)O)nn1,EN300-6764049
2929,CC(N)C(CC(=O)O)c1cncn1C,EN300-30839252
2930,NCCc1nc2ccccc2n1CC(=O)O,EN300-33047943
2931,N[C@H](CC1CC1(F)F)C(=O)O,EN300-33048383
2932,N[C@H](C(=O)O)C(F)(F)F,EN300-7417659
2933,CC(C)Oc1nc(N)ncc1C(=O)O,EN300-8638722
2934,CC(C)(CN)OCC(=O)O,EN300-33048438
2935,CCCC(O)C(N)C(=O)O,EN300-33050795
2936,CC(C)(C)Oc1ccc(N)c(C(=O)O)c1,EN300-9150139
2937,Nc1ncn(CCC(=O)O)n1,EN300-25298768
2938,NCc1ccc(C(=O)O)c(O)c1,EN300-8221079
2939,N[C@@H](Cc1ccccc1)C(=O)N[C@H](Cc1ccccc1)C(=O)O,EN300-36079854
2940,Nc1ncn(CCC(=O)O)n1,EN300-36600413
2941,Nc1nc(Cl)c(Br)cc1C(=O)O,EN300-22890551
2942,Nc1cc(C(=O)O)ncc1Cl,EN300-6745640
2943,N[C@H](Cc1ccc(F)c(Cl)c1)C(=O)O,EN300-24415684
2944,Nc1ccc(CCCC(=O)O)cc1,EN300-108862
2945,N[C@@H](Cc1cccc2ccccc12)C(=O)O,EN300-194973
2946,CC(C)[C@H](N)C(=O)O,EN300-52625
2947,Nc1c(C(=O)O)cccc1[N+](=O)[O-],EN300-66604
2948,Cc1c(N)c(C(=O)O)nn1C,EN300-92887
2949,Nc1nnn(CC(=O)O)n1,EN300-83555
2950,NC(C(=O)O)c1c(Cl)cccc1Cl,EN300-124800
2951,Nc1nn(CC(=O)O)cc1Br,EN300-92813
2952,NC12CCCCC(C(=O)O)(C1)C2,EN300-28625054
2953,N[C@@H](Cn1ccnn1)C(=O)O,EN300-26943240
2954,CC1(C)C(COCc2ccccc2)CC1(N)C(=O)O,EN300-27149817
2955,CS(=O)(=O)NC(=O)CC[C@H](N)C(=O)O,EN300-28309164
2956,NC12C3C4C1C1C2C3C41C(=O)O,EN300-88052
2957,CC(C(=O)O)C(N)c1ccc(Br)cc1,EN300-186834
2958,NC1CCCCC1C(=O)O,EN300-103185
2959,Cc1ccc(CC(CN)C(=O)O)cc1,EN300-114243
2960,CC1(C[C@H](N)C(=O)O)N=N1,EN300-33278451
2961,NC(CCC(O)C(F)(F)F)C(=O)O,EN300-58737
2962,CC(CN)OCCCC(=O)O,EN300-28265935
2963,Nc1cc(Br)ccc1C(=O)O,EN300-42681
2964,COCC(N)C(=O)O,EN300-126948
2965,Cc1ccc(C(=O)O)c(N)c1C,EN300-65903
2967,COc1cc(N)ccc1C(=O)O,EN300-99848
2968,CC(N)COc1ccnc(C(=O)O)c1,EN300-28333125
2969,CC(C)(C)[C@@H](N)C(=O)O,EN300-72303
2970,NC1(C(=O)O)CCc2ccccc21,EN300-55264
2971,Cc1c(CC(N)C(=O)O)cnn1C,EN300-156640
2972,NC1(CC(=O)O)CCS(=O)(=O)C1,EN300-157154
2973,Nc1cc(F)ccc1-n1ccc(C(=O)O)n1,EN300-255484
2974,Cc1c(N)cc(C(=O)O)cc1C(F)(F)F,EN300-28320828
2975,CCCn1cc(C(=O)O)c(N)n1,EN300-233054
2976,NC1CCOc2c(CC(=O)O)cccc21,EN300-267867
2977,Nc1c(F)c(Br)cc(F)c1C(=O)O,EN300-3014581
2978,NC(C(=O)O)c1ccc(Br)cc1,EN300-59640
2979,Cc1ncc(N)cc1C(=O)O,EN300-116239
2980,CCC(CC)(CCN)C(=O)O,EN300-46760762
2981,NC(Cc1c[nH]c2ccccc12)C(=O)O,EN300-18165
2982,N[C@@H](C(=O)O)C12CC(C(F)(F)F)(C1)C2,EN300-175028
2983,Nc1n[nH]c2cncc(C(=O)O)c12,EN300-39849440
2984,CS(=O)(=O)c1ccc(N)c(C(=O)O)c1,EN300-100702
2985,COC(C(N)C(=O)O)C(F)(F)F,EN300-28334250
2986,NC(Cc1ccc(Br)cc1)C(=O)O,EN300-217028
2987,Nc1cc(C(=O)O)nc2ccccc12,EN300-114011
2988,Nc1cccc(S(=O)(=O)Nc2ccccc2C(=O)O)c1,EN300-02122
2989,CC[C@@H](N)C(=O)O,EN300-59098
2990,NCCSCc1ccc(C(=O)O)o1,EN300-39676141
2991,COc1ccc(CC(N)C(=O)O)cc1O,EN300-39851037
2993,NCCc1cccc(C(=O)O)n1,EN300-195940
2994,NC1(c2nc(C(=O)O)c[nH]2)CCC1,EN300-40407
2995,NC(Cn1ccc2cccnc21)C(=O)O,EN300-55173
2996,NC1(C(=O)O)CCC(c2ccccc2)CC1,EN300-72666
2997,CC(CN)CC(=O)O,EN300-110019
2998,NCC(Cc1cc(F)c(F)c(F)c1)C(=O)O,EN300-180003
2999,Nc1cc2c(cc1C(=O)O)OCO2,EN300-15140
3000,CC(N)(CC(=O)O)c1ccc([N+](=O)[O-])cc1,EN300-186715
3001,NC1(CC(=O)O)CCCCC1,EN300-83335
3002,COC(CN)C(=O)O,EN300-123488
3003,NCc1ccc2nc(C(=O)O)cn2c1,EN300-349339
3004,CCC(CC)(CN)C(=O)O,EN300-116485
3005,CCC1CCCC(N)(C(=O)O)CC1,EN300-311809
3006,Cc1ccc(CC(N)C(=O)O)cc1,EN300-170414
3007,Cc1nc(N)nc(C)c1CCC(=O)O,EN300-230766
3008,Nc1ncc(Br)nc1C(=O)O,EN300-91931
3009,CCOc1ccc(N)c(C(=O)O)c1,EN300-134542
3010,CS(=O)(=O)c1ccc(C(=O)O)c(N)c1,EN300-217341
3011,C[C@@H](N)C(=O)O,EN300-53665
3012,CC(C)(C)CC(N)CC(=O)O,EN300-139855
3013,COCc1ncc(C(=O)O)c(N)n1,EN300-140395
3014,CC(CSCCN)C(=O)O,EN300-260249
3015,N[C@H](Cc1c[nH]c2ccccc12)C(=O)O,EN300-53346
3016,NC(Cc1cn[nH]c1)C(=O)O,EN300-204468
3017,C[C@]1(O)C[C@](N)(C(=O)O)C1,EN300-253171
3018,CN(Cc1ccccc1)CC(N)C(=O)O,EN300-298838
3019,NCC(CC(=O)O)c1ccc(O)cc1,EN300-39852921
3020,Nc1c(Br)ccc(F)c1C(=O)O,EN300-315451
3021,Cc1cccc(C)c1C[C@H](N)C(=O)O,EN300-393063
3022,NC(C(=O)O)c1ccc(CO)cc1,EN300-299457
3023,CC(N)(CS(C)(=O)=O)C(=O)O,EN300-39853579
3024,NCCOc1cccc(CC(=O)O)c1,EN300-370460
3025,CCCC(CCCCN)C(=O)O,EN300-200304
3026,NCC(Oc1ccccc1)C(=O)O,EN300-200502
3027,Nc1nc(CC(=O)O)cs1,EN300-321911
3028,Cc1nc2nc(N)nn2c(C)c1CC(=O)O,EN300-13935
3029,NCCCc1ccc(OCC(=O)O)cc1,EN300-412431
3030,Nc1ncc(C(=O)O)cc1-c1ccccc1,EN300-258291
3031,COc1cc(OC)c(N)c(C(=O)O)c1,EN300-64831
3032,Nc1c(C(=O)O)ccc2c1CCCC2,EN300-393221
3033,C=CCC(N)C(=O)O,EN300-49121
3034,Nc1[nH]ncc1C(=O)O,EN300-376553
3035,Nc1nc(-c2ccccc2)c(CC(=O)O)s1,EN300-53566
3036,NC(=O)CCNc1ccc(C(=O)O)cc1,EN300-153347
3037,Nc1nnc(CC(=O)O)[nH]1,EN300-41922
3038,CC(C)(C)c1ccc(C(N)CC(=O)O)cc1,EN300-82295
3039,CCCCCCCC(N)CC(=O)O,EN300-343679
3040,Cc1ccc(C(=O)O)cc1CN,EN300-198061
3041,CC(CN)(Cc1ccco1)C(=O)O,EN300-119835
3042,N=C(N)NCCC[C@H](NC(=O)OCc1ccccc1)C(=O)O,EN300-302867
3043,CC(C(=O)O)C(N)c1ccccc1,EN300-94616
3044,CC(N)CCCCC(=O)O,EN300-79718
3045,CC(C)(CCN)CCC(=O)O,EN300-88351
3046,Nc1nc(CSCC(=O)O)cs1,EN300-39463
3047,CC(N)c1nc(C(=O)O)cs1,EN300-270158
3048,CC1(C)[C@H](CCC(=O)O)C[C@@H]1N,EN300-303650
3049,Nc1ccc(N2CCSCC2)cc1C(=O)O,EN300-61819
3050,N[C@@H](C[C@@H]1CCNC1=O)C(=O)O,EN300-39853166
3051,Nc1n[nH]c2cncc(C(=O)O)c12,EN300-39853189
3052,Cc1cc(N)c(C(=O)O)c(F)c1,EN300-307162
3053,NCC(CC(=O)O)c1c[nH]c2ccccc12,EN300-735938
3054,NC[C@H]1CCCC[C@H]1C(=O)O,EN300-729539
3055,NC1CN(c2ccc(C(=O)O)cn2)C1,EN300-761582
3056,Nc1c(Cl)cc(C(=O)O)cc1[N+](=O)[O-],EN300-395935
3057,Cc1sc(N)nc1-c1cccc(C(=O)O)n1,EN300-747061
3058,NCC1(C(=O)O)CC1C(F)(F)F,EN300-39853929
3059,Nc1cccnc1C(=O)O,EN300-86238
3060,Nc1cc(CC(=O)O)ccc1O,EN300-154938
3061,NC(CCC(F)F)C(=O)O,EN300-39854834
3062,Cc1ccccc1C(N)CC(=O)O,EN300-296022
3063,NCc1cccc(-c2nc(C(=O)O)cs2)c1,EN300-735970
3064,N[C@H]1CCCC[C@H]1n1cc(C(=O)O)nn1,EN300-761522
3065,CN(CC(N)C(=O)O)c1ccccc1,EN300-152030
3066,CS(=O)(=O)C[C@H](N)C(=O)O,EN300-395396
3067,N[C@@H](Cc1cccc(F)c1)C(=O)O,EN300-317048
3068,CCSCC(C)(N)CC(=O)O,EN300-1285246
3069,CCC(CC)C[C@H](N)C(=O)O,EN300-1297921
3070,CS(=O)(=O)CC[C@H](N)C(=O)O,EN300-1168237
3071,NCC1NC(=O)N(CC(=O)O)C1=O,EN300-1587880
3072,N[C@H](Cc1cccc(F)c1)C(=O)O,EN300-1297344
3073,Cn1c(N)nc2cccc(C(=O)O)c21,EN300-1116463
3074,CN(C)CC[C@H](N)C(=O)O,EN300-1298363
3075,NCc1cc(C(=O)O)sc1Cl,EN300-1588016
3076,N[C@H](CC(F)F)C(=O)O,EN300-1299294
3077,CSCCC(NC(=O)C(N)Cc1ccccc1)C(=O)O,EN300-1266362
3078,CC(C)(C)c1ccc(C(N)C(=O)O)cc1,EN300-1831152
3079,N[C@H]1C[C@@H](C(=O)O)C[C@@H]1O,EN300-6487144
3080,NC1(CC(=O)O)CS(=O)(=O)C1,EN300-6486852
3081,N[C@@H](CC(=O)O)c1ccc(-c2ccccc2)cc1,EN300-6487019
3082,NC1(C(=O)O)CCCC12CCCC2,EN300-1167133
3083,Nc1cn(Cc2ccc(C(=O)O)cc2)nc1C(F)(F)F,EN300-232294
3084,Cn1cnc(C[C@H](N)C(=O)O)c1,EN300-1168702
3085,NOC(Cc1ccccc1)C(=O)O,EN300-1725659
3086,Nc1ccc(CCC(=O)O)cc1F,EN300-1725717
3087,NCC1(c2nocc2C(=O)O)CC1,EN300-2009934
3088,NC1CC2CCC1(C(=O)O)C2,EN300-6513121
3089,N[C@@H](C(=O)O)C(C(F)(F)F)C(F)(F)F,EN300-6748371
3090,CC(CN)C(F)C(=O)O,EN300-6748677
3091,N[C@@H](CC(=O)O)Cc1ccccc1,EN300-6497985
3092,Nc1cc(O)c(O)c(C(=O)O)c1,EN300-1074271
3093,Nc1cc(F)c(CC(=O)O)cc1F,EN300-6474837
3094,CC(C)C[C@H](N)c1ncc(C(=O)O)o1,EN300-6729722
3095,NC(Cc1cccnc1O)C(=O)O,EN300-6743931
3096,NC(C(=O)O)c1c[nH]c2ccc(Br)cc12,EN300-385780
3097,C[n+]1cccc(CC(N)C(=O)O)c1,EN300-7440096
3098,CC(C)c1ccc(N)c(C(=O)O)c1,EN300-7424734
3099,COCC(NC(=O)c1n[nH]c(N)n1)C(=O)O,EN300-26690522
3100,N[C@H]1C[C@@H](C(F)C(=O)O)C1,EN300-26632348
3101,Cc1cncc(CC(N)C(=O)O)c1,EN300-6499126
3102,NC(C(=O)O)C1CCS(=O)(=O)C1,EN300-27108391
3103,NC(Cc1nccc2ccccc12)C(=O)O,EN300-37339553
3104,Nc1nnc(N2CCC(C(=O)O)CC2)[nH]1,EN300-66440
3105,Nc1cc(Cl)c(Br)cc1C(=O)O,EN300-122796
3106,N[C@@H](Cc1ccc2c(c1)OCO2)C(=O)O,EN300-37339677
3107,CC(N)c1ccc(C(=O)O)cn1,EN300-37339778
3108,CC(N)(C(=O)O)c1ccc(F)cc1Br,EN300-1270393
3109,Cc1ccc(C(N)C(=O)O)cc1,EN300-7541140
3110,NC(Cc1cnc(O)c([N+](=O)[O-])c1)C(=O)O,EN300-7429939
3111,Nc1sc2c(c1C(=O)O)CCC2,EN300-6731069
3112,CCC(CC)C[C@H](N)C(=O)O,EN300-7443986
3113,NCCc1c[nH]c2ccc(C(=O)O)cc12,EN300-6759802
3114,C[S@](=O)C[C@H](N)C(=O)O,EN300-7426890
3115,CC1(C)C[C@H](N)C[C@@H](C(=O)O)O1,EN300-7464499
3116,NCCC1(C(=O)O)CCOCC1,EN300-37346856
3117,NCC1CC(C(=O)O)CCO1,EN300-37347537
3118,CC1(C)C(N)CC1CC(=O)O,EN300-7493268
3119,NC1(CC(=O)O)CSC1,EN300-7445015
3120,NC1(C(=O)O)CC=CC1,EN300-7435695
3121,Cc1nnc(CC(N)C(=O)O)s1,EN300-1719314
3122,CCC(CC)C(CN)C(=O)O,EN300-6479460
3123,COc1ccc(C(N)C(=O)O)cc1,EN300-227201
3124,NC(CC(C(F)(F)F)C(F)(F)F)C(=O)O,EN300-6478910
3125,NC[C@@]1(C(=O)O)C[C@@H]2CC[C@H]1O2,EN300-6487384
3126,CSc1cc(F)c(C(=O)O)cc1N,EN300-7442632
3127,NC1CCCN(CC(=O)O)C1,EN300-7463546
3128,CSc1cc(Cl)cc(CC(N)C(=O)O)c1,EN300-6499669
3129,NC(Cc1ccsc1Cl)C(=O)O,EN300-6487640
3130,CSCC[C@@H](N)C(=O)N[C@@H](C)C(=O)O,EN300-6739902
3131,CC(F)(F)CC[C@H](N)C(=O)O,EN300-6278192
3132,NCCOc1cccc(C(=O)O)n1,EN300-37370665
3133,Nc1nc(O)ncc1C(=O)O,EN300-7691553
3134,NC(CCCc1ccccc1)C(=O)O,EN300-10008755
3135,NCCc1ccc(C(=O)O)nc1,EN300-37355821
3136,CC(CN)Oc1cccc(C(=O)O)n1,EN300-37355429
3137,Nc1cccc(-n2ccc(C(=O)O)n2)c1,EN300-37355626
3138,N[C@]1(C(=O)O)C[C@H](c2ccccc2Cl)C1,EN300-37366814
3139,NCCCOc1cccc(C(=O)O)n1,EN300-37370666
3140,Nc1cc(Cl)c(C(=O)O)cc1F,EN300-6745610
3141,NC1(c2nc(C(=O)O)c[nH]2)CCC1,EN300-37137748
3142,NC(CC(CF)CF)C(=O)O,EN300-37371991
3143,NC1(CCCCC(=O)O)CCCC1,EN300-37370509
3144,NC1COc2c(C(=O)O)cnn2C1,EN300-37380639
3145,COc1ccc(C(=O)O)c(N)c1Cl,EN300-6488379
3146,NC12CC(CC1C(=O)O)C2,EN300-37368784
3147,COCC(C)(CN)C(=O)O,EN300-37368788
3148,NC1CCCc2c1n[nH]c2C(=O)O,EN300-37151616
3149,NCCC1CC(C(=O)O)C1,EN300-22183346
3150,Nc1cncnc1C(=O)O,EN300-114994
3151,C[C@](N)(C(=O)O)C1CCCCC1,EN300-132106
3152,Nc1cc(CCC(=O)O)no1,EN300-6863754
3153,COc1cc(C(=O)O)c(N)c(OC)c1OC,EN300-14659
3154,NC(Cc1cnco1)C(=O)O,EN300-39916100
3155,NC1(CCC(=O)[O-])COC1,EN300-37440278
3156,NC(Cc1c[nH]c2cc(Cl)ccc12)C(=O)O,EN300-134972
3157,Nc1ccc(C(=O)O)c(OC(F)(F)F)c1,EN300-141281
3158,Nc1cc(CCC(=O)O)no1,EN300-39879183
3159,CO[C@H](CCN)C(=O)O,EN300-39913169
3160,N[C@H]1CCCC[C@H]1C(=O)O,EN300-1084785
3161,CC(C)c1cccc(CC(N)C(=O)O)c1,EN300-37399483
3162,Nc1ccc(NC(=O)c2ccc(C(=O)O)cc2)cc1,EN300-39913263
3163,COc1ccc(OC)c(CC(N)C(=O)O)c1,EN300-12727129
3164,NC1CCCc2cc(C(=O)O)ccc21,EN300-6487626
3165,N[C@@H]1COCC[C@@H]1C(=O)O,EN300-6491296
3166,NCC(CC(=O)O)c1cc(Br)cs1,EN300-747313
3167,NC(Cc1ccc(Cl)c(Cl)c1)C(=O)O,EN300-10006180
3168,Nc1ccc(C(=O)O)cc1C1CC1,EN300-1723320
3169,CCS(=O)(=O)c1ccc(C(=O)O)c(N)c1,EN300-108360
3170,NC(C(=O)O)C1CCC1,EN300-96807
3171,N[C@H]1CCC[C@@H]1C(=O)O,EN300-19633726
3172,CC(C)(CCCN)C(=O)O,EN300-118777
3173,CC(N)c1cc(C(=O)O)n[nH]1,EN300-39878864
3174,Nc1ccc2c(C(=O)O)c[nH]c2c1,EN300-37375725
3175,CC1(C)S[C@@H]2[C@H](NC(=O)[C@H](N)c3ccccc3)C(=O)N2[C@H]1C(=O)O,EN300-127654
3176,N[C@@H](CC(=O)O)c1cnco1,EN300-37357260
3177,Nc1ccc2cc(C(=O)O)ccc2n1,EN300-10004809
3178,CCOP(C)(=O)CCC(N)C(=O)O,EN300-8232272
3179,NC1(C(=O)O)CC2(CCC2)C1,EN300-7455642
3180,Nc1nc(CC(=O)[O-])no1,EN300-37364533
3181,CC(C)Oc1ccccc1CC(N)C(=O)O,EN300-37367047
3182,Nc1cc(F)c(F)c(F)c1C(=O)O,EN300-3030729
3183,NCc1cc2c(C(=O)O)cccc2s1,EN300-37396186
3184,Nc1c(C(=O)O)cnn1-c1c(F)cccc1F,EN300-19461249
3185,CCC1=C[C@@H]2[C@H](C1)C[C@]2(CN)CC(=O)O,EN300-20087478
3186,Cc1c(CN)c(C(=O)O)nn1C,EN300-37350474
3187,CC(N)(Cc1ccncc1)C(=O)O,EN300-8106135
3188,N[C@@H](CC1CCC(F)(F)CC1)C(=O)O,EN300-22941651
3189,Cc1cc(F)cc(C2(C(=O)O)CC(N)C2)c1,EN300-43352722
3190,N[C@@H](CCSC(F)F)C(=O)O,EN300-43352816
3191,N[C@H]1COC[C@@H](C(=O)O)C1,EN300-43352831
3192,CC1(C)[C@H](C(=O)O)[C@@H]1CN,EN300-39919870
3193,NC1CC(C(=O)O)(c2cccc(F)c2F)C1,EN300-39922380
3194,NC1CC(C(=O)O)(c2cccc(OC(F)F)c2)C1,EN300-43352724
3195,NC(C(=O)O)C1CC2C(C1)C2(F)F,EN300-39919331
3196,NC(Cc1nccs1)C(=O)O,EN300-43360412
3197,NCc1nc2c(C(=O)O)cccc2s1,EN300-39869953
3198,CN(C)CCCC[C@H](N)C(=O)O,EN300-39914073
3199,N[C@@H]1CCC[C@@H](C(=O)O)C1,EN300-7393448
3200,NC1(C(=O)O)CC1(F)F,EN300-7659491
3201,N[C@H]1CCc2c(C(=O)O)cccc21,EN300-33395640
3202,N[C@@H](Cc1cnccn1)C(=O)O,EN300-39860386
3203,Cc1c(N)csc1C(=O)O,EN300-43347471
3204,NC(CC1C=CCCC1)C(=O)O,EN300-43348009
3205,NC1CCN(CCC(=O)O)C1=O,EN300-43348121
3206,NCc1ccc(C(=O)O)cc1-c1ccccc1,EN300-39926544
3207,NC(Cc1ccc(Cl)nc1)C(=O)O,EN300-43378430
3208,NC12CC(C1)C(C(=O)O)C2,EN300-43350850
3209,NC1CC(C(=O)O)(c2c(F)cccc2F)C1,EN300-43346601
3210,NCc1nc2c(C(=O)O)cccc2s1,EN300-43346682
3211,CC(C)(C)c1cc(CN)c(C(=O)O)o1,EN300-25998012
3212,Nc1ncnn2c(C(=O)O)cnc12,EN300-43359564
3213,NC(CF)(CF)C(=O)O,EN300-39922465
3214,COc1cccc(F)c1[C@]1(C(=O)O)C[C@H](N)C1,EN300-43378546
3215,N[C@H]1C[C@](C(=O)O)(c2ccccc2)C1,EN300-39874967
3216,Nc1ccc(Cl)c(F)c1C(=O)O,EN300-39870412
3217,NC(C(=O)O)c1ccc(Br)c(F)c1,EN300-217783
3218,Nc1ccc(NC(=O)c2ccc(C(=O)O)cc2)cc1,EN300-19453910
3219,N[C@@H]1CCC[C@H]1C(=O)O,EN300-19633725
3220,NCC1(C(=O)O)CCOCC1,EN300-396049
3221,CC1(C)CC(C(N)C(=O)O)C1,EN300-39923986
3222,N[C@@H](C(=O)O)C1CC1,EN300-39922262
3223,N[C@H](C(=O)O)c1ccc(C(F)(F)F)cc1,EN300-39849321
3224,N[C@@H]1C[C@H]2CC[C@H]3C2[C@@]13C(=O)O,EN300-44825904
3225,N[C@@H](Cc1cccc(C(F)(F)F)c1)C(=O)O,EN300-199898
3226,CC(Nc1ccc(C(=O)O)cc1)C(N)=O,EN300-46761956
3227,CC(N)(CCc1ccc(O)cc1)C(=O)O,EN300-43379246
3228,CCC(C)(CN)C(=O)O,EN300-395651
3229,[N-]=[N+]=NC[C@@H](F)C[C@H](N)C(=O)O,EN300-44826149
3230,CC(N)COc1ccc(C(=O)O)c(Cl)c1,EN300-44832814
3231,N[C@@H]1C=CC[C@H](C(=O)O)C1,EN300-45146866
3232,N#Cc1cc(N)cc(C(=O)O)c1,EN300-749484
3233,NC(c1ccc(O)cc1)C(O)C(=O)O,EN300-8834055
3234,CC(C)(CON)C(=O)O,EN300-43354141
3235,Nc1n[nH]c2ccc(C(=O)O)cc12,EN300-43360405
3236,N[C@]1(C(F)(F)F)C[C@H](C(=O)O)C1,EN300-43360090
3237,COc1cccc2[nH]cc(CC(N)C(=O)O)c12,EN300-7414520
3238,CC(N)(C(=O)O)C(F)(F)C(F)(F)F,EN300-43356400
3239,N[C@@H]1CCc2ccc(C(=O)O)cc21,EN300-45171683
3240,CC(C)(C)OC(=O)NCCCC[C@@H](N)C(=O)O,EN300-1589420
3241,N[C@H](CC(=O)O)c1cccc(Oc2ccccc2)c1,EN300-25960436
3242,Nc1cc(Br)c(Cl)cc1C(=O)O,EN300-253872
3243,CC(CC(=O)O)c1ccc(N)nc1,EN300-25906217
3244,N[C@@]1(C(=O)O)CO[C@@H](C(F)(F)F)C1,EN300-44828961
3245,COC(CN)CCC(=O)O,EN300-7731793
3246,N[C@H]1CCc2ccc(C(=O)O)cc21,EN300-45195654
3247,NCC12CCC(C(=O)O)(CC1)CC2,EN300-8778183
3248,NCc1cccc(C(=O)O)n1,EN300-22886522
3249,Nc1ncsc1C(=O)O,EN300-146172
3250,NC(C(=O)O)c1cc(Cl)cc(Cl)c1,EN300-149260
3251,C[C@H](N)C(=O)N[C@@H](C)C(=O)O,EN300-865782
3252,N#Cc1c(N)c(C(=O)O)n2c1CCC2,EN300-44828900
3253,N[C@@H](CC(=O)O)CC1CC1,EN300-26911847
3254,Cn1ncc(N)c1C(=O)O,EN300-7417837
3255,Cn1nnc(N)c1C(=O)O,EN300-249573
3256,Nc1ncc(Br)c(C(=O)O)n1,EN300-1268084
3257,Nc1ccc2ccc(C(=O)O)cc2n1,EN300-45187009
3258,NC[C@H](O)c1ccc(C(=O)O)cc1,EN300-45188823
3259,NC(Cc1ccc(F)cc1Cl)C(=O)O,EN300-10006159
3260,Nc1n[nH]c2cc(C(=O)O)oc12,EN300-45201805
3261,NC1CN(c2ncc(C(=O)O)o2)C1,EN300-45205118
3262,C[C@@H](N)COCc1ccc(C(=O)O)cc1,EN300-45184494
3263,N[C@H]1[C@@H]2CC[C@@H](C2)[C@H]1C(=O)O,EN300-19632397
3264,N[C@H](CC(=O)O)CC1CC1,EN300-45186972
3265,CC(C1CCC1)C(N)C(=O)O,EN300-25687844
3266,Nc1cc(CO)cc(C(=O)O)c1,EN300-7846877
3267,CN(C)[C@H](CCCCN)C(=O)O,EN300-45200496
3268,NCCCOCCC(=O)O,EN300-45199285
3269,N[C@H](CC1CCC(F)(F)CC1)C(=O)O,EN300-22941668
3270,Nc1ccc(C(=O)O)c(Br)c1,EN300-1703007
3271,NC1(C(=O)O)CCCOCC1,EN300-37416614
3272,Nc1cc2[nH]c(=O)[nH]c2cc1C(=O)O,EN300-27696041
3273,NC1CC(n2cc(C(=O)O)cn2)C1,EN300-39852929
3274,NCc1nc(C(=O)O)cs1,EN300-132419
3275,C=CC[C@H](N)CC(=O)O,EN300-7390075
3276,Nc1c(F)cc(C(=O)O)c(F)c1F,EN300-173665
3277,CC(C)(N)C(=O)NC(C)(C)C(=O)O,EN300-80872
3278,NC[C@H]1[C@H](C(=O)O)C1(F)F,EN300-37331249
3279,Nc1cc(OC(F)F)cc(C(=O)O)c1,EN300-7542377
3280,CC(C)CC(CNC(=O)[C@@H](N)C(C)(C)C)CC(=O)O,EN300-252640
3281,NC(Cn1ccc(=O)[nH]c1=O)C(=O)O,EN300-332911
3282,COc1ccc([C@@H](N)CC(=O)O)cc1,EN300-141635
3283,Nc1cc(C(=O)O)c(F)c(C(F)(F)F)c1,EN300-9529672
3284,NC1C2CC3C1C3(C(=O)O)C2,EN300-27115511
3285,NC(Cn1cc(Cl)c2cccnc21)C(=O)O,EN300-43391161
3286,Nc1ccnc(C(=O)O)c1,EN300-65512
3287,NC1(C(=O)O)CC2CCC1CC2,EN300-88096
3288,Cc1c(N)cc(F)cc1C(=O)O,EN300-124432
3289,Cc1c(N)cc(C(=O)O)cc1[N+](=O)[O-],EN300-109899
3290,N[C@H](Cc1ccncn1)C(=O)O,EN300-37430803
3291,Nc1cc(O)c(F)c(C(=O)O)c1,EN300-1724943
3292,NC(C(=O)O)C(C1CCC1)C1CCC1,EN300-210787
3293,COc1ccc(CCC(N)C(=O)O)cc1,EN300-10852662
3294,Cc1ccc(C(CN)C(=O)O)cc1,EN300-19347253
3295,NC(CC(=O)O)C1CCCC1,EN300-37114130
3296,CCCC(C)C(N)C(=O)O,EN300-102372
3297,NCCOc1cncc(C(=O)O)c1,EN300-26946485
3298,Nc1ccc([C@@H]2C[C@H]2C(=O)O)cn1,EN300-27111533
3299,Cc1ccc(CC(N)C(=O)O)c(C)c1,EN300-10012193
3300,Nc1nnc(SCC(=O)O)s1,EN300-00088
3301,Nc1c(C(=O)O)ccc(Br)c1Cl,EN300-6324712
3302,Cc1csc(CC(N)C(=O)O)n1,EN300-43395147
3303,NC(Cc1ccc(Br)cc1Cl)C(=O)O,EN300-43608047
3304,N[C@H]1CCC[C@H](C(=O)O)C1,EN300-7418769
3305,C[C@H](CF)C[C@H](N)C(=O)O,EN300-7708522
3306,CC(N)CCCNC(=O)CC(=O)O,EN300-44829657
3307,N[C@@H](C(=O)O)c1ccc(C(F)(F)F)cc1,EN300-39849322
3308,NCC12CC(C1)C(C(=O)O)C2,EN300-39847121
3309,NCc1ccc(C(=O)O)cc1Cl,EN300-8173638
3310,NC[C@@]1(C(=O)O)C[C@H]1C(F)(F)F,EN300-43391235
3311,[N-]=[N+]=NC[C@H](F)C[C@H](N)C(=O)O,EN300-43608014
3312,NC1(CC(=O)O)CCOC1,EN300-120651
3313,COc1c(N)ncnc1C(=O)O,EN300-255772
3314,NC1(C(=O)O)Cc2ccc(Br)cc2C1,EN300-6499504
3315,NC1CC(CC(=O)O)C1,EN300-393336
3316,CCCCN(C(=O)CCC(=O)O)c1c(N)n(CCC)c(=O)[nH]c1=O,EN300-07068
3317,NC1CCCCC1CCCC(=O)O,EN300-28309028
3318,NC1(CCCCC(=O)O)CCCCC1,EN300-37370677
3319,NC1(C(=O)O)CCC(C(F)F)CC1,EN300-302064
3320,CCCc1sc(N)nc1C(=O)O,EN300-186593
3321,NC(C(=O)O)c1cc(Cl)sc1Cl,EN300-26982809
3322,COc1ccc(Br)c(C(=O)O)c1N,EN300-90384
3323,CC(C)=CCSC[C@H](N)C(=O)O,EN300-1270343
3324,Cc1cccc(F)c1C1(C(=O)O)CC(N)C1,EN300-43360286
3325,Nc1cc(Br)cc(CC(=O)O)c1,EN300-343870
3326,CCc1nc(C(N)C(=O)O)cs1,EN300-255228
3327,Nc1cc(C(=O)O)cc(F)c1O,EN300-331901
3328,NC(Cc1ccc(C2(C(F)(F)F)N=N2)cc1)C(=O)O,EN300-37465921
3329,Nc1nc(=O)c2sc(-c3cccc(C(=O)O)c3)cc2[nH]1,EN300-1587530
3330,NC(CCc1ccc(F)c(F)c1)C(=O)O,EN300-45411384
3331,NC(CCc1ccc(Cl)c(Cl)c1)C(=O)O,EN300-45429751
3332,N[C@@H](CC(=O)O)c1ccc(Cl)c(Br)c1,EN300-45429840
3333,Nc1cncc(Cl)c1C(=O)O,EN300-2114720
3334,N[C@H]1/C=C\CCCC[C@H]1C(=O)O,EN300-23883362
3335,CC(CF)C[C@H](N)C(=O)O,EN300-43382252
3336,Cc1sc2nc(CC(=O)O)nc(N)c2c1C,EN300-144258
3337,CCOC(C1CC1)C(N)C(=O)O,EN300-45645132
3338,NC1CCc2sc(C(=O)O)cc21,EN300-37400173
3339,N[C@@H]1CCCC[C@H]1C(=O)O,EN300-25936841
3340,N[C@H]1CC[C@@H]2[C@@H](C(=O)O)[C@@H]21,EN300-45619166
3341,N[C@@H]1CC[C@H]2[C@H](C(=O)O)[C@H]21,EN300-45619168
3342,CC[C@H](N)C(=O)N[C@@H](Cc1ccc(O)cc1)C(=O)O,EN300-45645635
3343,CC(N)(C(=O)O)c1cccc(O)c1,EN300-208267
3344,N[C@H](CC(=O)O)c1ccc(Cl)c(Br)c1,EN300-45433292
3345,Nc1cccc(C2CCCC2C(=O)O)c1,EN300-45636798
3346,CC(N)COc1ccc2cc(C(=O)O)ccc2c1,EN300-44832817
3347,CSCC(C)C(N)C(=O)O,EN300-45434714
3348,N[C@H]1[C@@H](O)C[C@H]1C(=O)O,EN300-45460860
3349,CC(CCCc1ccc(N)cc1)C(=O)O,EN300-31320222
3350,NC(C(=O)O)c1ccc(O)nc1,EN300-7813979
3351,Cc1nc(CN)nc(C)c1C(=O)O,EN300-45218587
3352,N[C@@H]1C[C@@H](C(=O)O)CC[C@H]1O,EN300-45379817
3353,CSC(C)CC(N)C(=O)O,EN300-45381630
3354,NCc1sc2ccccc2c1C(=O)O,EN300-45433059
3355,N[C@@]1(C(F)(F)F)CC[C@@H](C(=O)O)C1,EN300-45269104
3356,N[C@@H]1C[C@H](C(=O)O)C12CCOCC2,EN300-45645940
3357,CN(C)C(CN)C(=O)O,EN300-45229668
3358,Cn1ncc2ncc(C(=O)O)c(N)c21,EN300-45231034
3359,NCc1ccc(O)cc1C(=O)O,EN300-45231295
3360,CC(N)(C(=O)O)C1CCCO1,EN300-45273938
3361,CCOc1ccc(C(=O)O)c(N)c1,EN300-65915
3362,CC1(N)CC(C(=O)O)C1,EN300-45379656
3363,N[C@]1(C(F)(F)F)CC[C@@H](C(=O)O)CC1,EN300-45597974
3364,NC1(C(=O)O)COCC12CCC2,EN300-45406953
3365,CCCC[C@H](N)C(=O)N[C@@H](Cc1ccc(O)cc1)C(=O)O,EN300-45269286
3366,CC(C[C@@H](N)C(=O)O)C(F)(F)F,EN300-45428538
3367,N[C@@H](CCCCNC(=O)OCCc1ccco1)C(=O)O,EN300-45405892
3368,NC12CCC(C(=O)O)(C1)C2,EN300-27188232
3369,N[C@@H](Cc1ccc(Br)cc1F)C(=O)O,EN300-20766212
3370,CC(C)(N)COCCC(=O)O,EN300-45665469
3371,CC(N)Cn1cc(C(=O)O)nn1,EN300-45744898
3372,CC(N)COc1ccc(Cl)c(C(=O)O)c1,EN300-7442759
3373,Nc1nc(CO)ncc1C(=O)O,EN300-7834930
3374,CCCCC[C@@H](N)CC(=O)O,EN300-7851189
3375,NCc1sccc1C(=O)O,EN300-45562918
3376,NCc1c(F)cccc1C(=O)O,EN300-33243740
3377,CC(N)COc1ccc(F)c(C(=O)O)c1,EN300-7456654
3378,CC(CN)N(C)c1cccc(C(=O)O)c1,EN300-7465052
3379,COc1cc(C(=O)O)ccc1CN,EN300-8673893
3380,Cc1nc2c(N)cccn2c1C(=O)O,EN300-8729710
3381,NCc1nc2ccc(C(=O)O)cc2s1,EN300-45188725
3382,C[C@](N)(C(=O)O)C(F)(F)F,EN300-25388193
3383,CCCCC[C@H](N)CC(=O)O,EN300-7851758
3384,NC(CS(=O)(=O)c1ccccc1)C(=O)O,EN300-25470100
3385,COC(CCCN)C(=O)O,EN300-45430937
3386,[N-]=[N+]=Nc1ccc(C[C@H](N)C(=O)O)cc1,EN300-23241493
3387,NCc1cc(F)cc(C(=O)O)c1,EN300-45563600
3388,NC1C(O)CC1C(=O)O,EN300-45641993
3389,Cc1sc2nc(CCC(=O)O)nc(N)c2c1C,EN300-24002972
3390,NC12COCC(C(=O)O)(C1)C2,EN300-45743329
3391,NCC1(C(=O)O)CCCCCC1,EN300-39856578
3392,Nc1cc(C(=O)O)c(F)cc1Br,EN300-45748659
3393,CC1(C)CC(N)(C(=O)O)CO1,EN300-45749224
3394,CC(N)COc1ccc2cc(C(=O)O)ccc2n1,EN300-45231992
3395,N[C@@H]1[C@H]2CC[C@H](C2)[C@@H]1C(=O)O,EN300-19683033
3396,Nc1c(C(=O)O)cnn2c(Br)ccc12,EN300-45665608
3397,Cc1ccc(C(N)C(=O)O)cn1,EN300-20867582
3398,N[C@H](CC1CCOCC1)C(=O)O,EN300-7360635
3399,C[C@@H](N)COc1cc(Cl)c(C(=O)O)c(Cl)c1,EN300-45186840
3400,NC1(C(=O)O)CCCC(n2cnc3ccccc32)C1,EN300-45739023
3401,CCOc1ccc(C(=O)O)cc1N,EN300-8049557
3402,CC(N)COc1cc(C(=O)O)nc2ccccc12,EN300-45216743
3403,NC1(C(=O)O)CC[C@H]2CCC[C@H]21,EN300-45722346
3404,Nc1noc2cccc(C(=O)O)c12,EN300-7417167
3405,CC(CO)(CCN)C(=O)O,EN300-45724349
3406,CN(C)C[C@@H](N)C(=O)O,EN300-45726111
3407,N[C@]1(C(F)(F)F)C[C@@H](C(=O)O)C1,EN300-22855067
3408,N[C@H](Cc1ccc(Br)cc1F)C(=O)O,EN300-23268239
3409,CS(=O)(=O)c1ccccc1C(N)C(=O)O,EN300-70501
3410,CC(N)COc1cccc(C(=O)O)c1,EN300-7443536
3411,NCCOCCOCCOCCC(=O)O,EN300-11957742
3412,N[C@]1(C(=O)O)C[C@H]1C1CC1,EN300-45571043
3413,Nc1ccc(C(C(=O)O)c2ccccc2)cc1,EN300-19356401
3414,NC1(C(=O)O)CC12CCC2,EN300-45616126
3415,Nc1cc(C(=O)O)ncc1O,EN300-6773285
3416,Nc1cnc(Cl)c(Cl)c1C(=O)O,EN300-45139359
3417,N[C@@H](CCCCC(F)(F)F)C(=O)O,EN300-32876661
3418,N[C@H](CO)c1ccc(C(=O)O)cc1,EN300-8666791
3419,CN(C)CCC[C@H](N)C(=O)O,EN300-45197962
3420,Nc1cccn2cc(C(=O)O)nc12,EN300-45199869
3421,COc1cc2nc(N)sc2cc1C(=O)O,EN300-9845771
3422,CS(=O)(=O)CC(N)c1ccc(C(=O)O)cc1,EN300-45566598
3423,N[C@@H]1CCO[C@@H](C(=O)O)C1,EN300-45218604
3424,Cc1nc(CN)nc(C)c1C(=O)O,EN300-45724566
3425,CC1(C)CCC(C(N)C(=O)O)CC1,EN300-43356355
3426,NC1CCc2c(C(=O)O)ccnc21,EN300-46005622
3427,NC1CCc2cc(C(=O)O)ccc2NC1=O,EN300-45560858
3428,NCc1cccc(C(=O)O)c1F,EN300-45561518
3429,NCc1nocc1C(=O)O,EN300-261294
3430,Nc1c(C(=O)O)nc2cc(Br)ccn12,EN300-8731929
3431,NCc1ccc(OCC(=O)O)cc1,EN300-45884375
3432,CC(N)COCC(=O)N1Cc2cccc(C(=O)O)c2C1,EN300-45474769
3433,NCCCN1CCC(C(=O)O)CC1,EN300-45609886
3434,Nc1cnc2ccccc2c1C(=O)O,EN300-25107808
3435,NCc1cccc(CC(=O)O)c1,EN300-7391226
3436,Nc1ccc(-n2cnc(C(=O)O)c2)cc1,EN300-7443074
3437,NC1CCSc2ccc(C(=O)O)cc21,EN300-45619481
3438,N[C@@H]1CCC[C@H]1CCC(=O)O,EN300-45875165
3439,N[C@H]1C[C@@](C(=O)O)(c2ccc(Cl)cc2)C1,EN300-45589369
3440,N[C@@H](CC(=O)O)c1ccc(Cl)cc1Br,EN300-45462152
3441,Nc1ccc2nc(C(=O)O)cn2c1,EN300-45481969
3442,NC(C(=O)O)C12COCC(c3ccccc3)(C1)C2,EN300-45489679
3443,Nc1cc(C(=O)O)ncn1,EN300-45850395
3444,Cn1cc(CN)c(C(=O)O)n1,EN300-45584457
3445,NCC(c1cccc(Br)c1)N1CCC(C(=O)O)C1,EN300-45636854
3446,Nc1c(Cl)c(F)nc(OCC(=O)O)c1Cl,EN300-9444137
3447,Nc1ncc(-c2ccccc2)cc1C(=O)O,EN300-7382044
3448,N[C@@H]1CCO[C@H]1C(=O)O,EN300-45738400
3449,NCc1ccc(F)cc1C(=O)O,EN300-45489681
3450,CC(N)(CC1CCC1)C(=O)O,EN300-45560890
3451,Nc1ccc(OCCF)cc1C(=O)O,EN300-6442465
3452,Cc1cc(C#N)cc(C(=O)O)c1N,EN300-8110042
3453,CN1CCC(N)(C(=O)O)C1,EN300-46763281
3454,C[C@@H](C[C@H](N)C(=O)O)C(F)(F)F,EN300-8391346
3455,COC1(C(=O)O)CC(N)C1,EN300-46764986
3456,Nc1ccc(-n2cnc(C(=O)O)n2)cc1,EN300-46621945
3457,N[C@@H]1C[C@H](CC(=O)O)C12CCC2,EN300-46766075
3458,Nc1ccc2nc(C(=O)O)ccc2c1,EN300-39870409
3459,CC(N)COc1cc(C(=O)O)c2ccccc2n1,EN300-45380413
3460,NCC(CC(=O)O)c1ccccc1O,EN300-45429327
3461,NC1C2CC3CC(C2)CC1(C(=O)O)C3,EN300-46775789
3462,CC(C[C@H](N)C(=O)O)C(F)(F)F,EN300-27165050
3463,N[C@@H](Cc1cncnc1)C(=O)O,EN300-46453145
3464,NC(Cc1cccc(C(F)(F)F)c1)C(=O)O,EN300-25187486
3465,CC(C)(c1ccc(Cl)cc1)C(N)C(=O)O,EN300-46537216
3466,Cc1nc(N)ccc1C(=O)O,EN300-46776967
3467,Nc1cn(-c2cccc(C(F)(F)F)n2)nc1C(=O)O,EN300-46562346
3468,CCOc1cc(N)c(Cl)cc1C(=O)O,EN300-7381902
3469,NCc1cc(C(=O)O)cc([N+](=O)[O-])c1,EN300-46608884
3470,NCCOc1cc(C(=O)O)on1,EN300-46773032
3471,NCCN1CCN(CC(=O)O)CC1,EN300-46774005
3472,Cc1cccc(C)c1C[C@@H](N)C(=O)O,EN300-20766185
3473,C=C(F)C[C@H](N)C(=O)O,EN300-46604244
3474,CCC(CC)CC[C@@H](N)C(=O)O,EN300-45669232
3475,N[C@H]1C[C@H](C(=O)O)CC[C@H]1O,EN300-46607455
3476,N[C@@H](CC(=O)O)c1cccc2ccccc12,EN300-22979646
3477,Nc1nccn1CC(=O)O,EN300-7707531
3478,Cc1cc(C(=O)O)cnc1CN,EN300-46622976
3479,N[C@@]1(C(=O)O)CS[C@@H](C(F)(F)F)C1,EN300-46586716
3480,CN(C)[C@@H](CCCN)C(=O)O,EN300-46615446
3481,NCc1cc(C(=O)O)c(F)cc1Br,EN300-46618168
3482,NC(Cc1cn[nH]n1)C(=O)O,EN300-46784566
3483,N[C@H]1C[C@@](F)(C(=O)O)C1,EN300-46135206
3484,Cc1nn(CC(=O)O)c(C)c1N,EN300-46734976
3485,Nc1cc(Br)cc(OCCC(=O)O)c1,EN300-46735300
3486,CCc1c(C(=O)O)nnn1CCN,EN300-46737867
3487,NCC(F)(F)CCC(=O)O,EN300-46744353
3488,Cc1cc(CN)cc(C(=O)O)c1,EN300-46765133
3489,C=C(Br)C[C@H](N)C(=O)O,EN300-46765275
3490,N[C@H](c1ccc(C(=O)O)cc1)C1CC1,EN300-18776227
3491,Cc1cnc(CC(N)C(=O)O)nc1,EN300-46770067
3492,NCc1cnc(C(=O)O)nc1,EN300-46779748
3493,CC(N)C(CC(=O)O)C(F)(F)F,EN300-46740177
3494,Cc1c(N)c(C#N)cc(C(=O)O)c1O,EN300-8593385
3495,CC1(C(=O)O)CC(CN)C1,EN300-45792269
3496,Nc1nnc(N2CCC(C(=O)O)CC2)[nH]1,EN300-45184460
3497,NCCS(=O)(=O)CC(=O)O,EN300-46745799
3498,Nc1ccc2c(C(=O)O)n[nH]c2c1,EN300-45642108
3499,N[C@@H](Cc1cc[nH]n1)C(=O)O,EN300-46669698
3500,NC(C(=O)O)(c1ccccc1)c1ccccc1,EN300-192235
3501,Cc1ccnc(-n2ncc(C(=O)O)c2N)c1,EN300-148566
3502,Nc1cc(F)cc(I)c1C(=O)O,EN300-46810175
3503,NC1CCC(C(=O)O)(C(F)F)CC1,EN300-46821328
3504,N[C@@H](c1ccc(C(=O)O)cc1)C1CC1,EN300-26193711
3505,COc1cc(C(N)CC(=O)O)ccc1OCC(C)C,EN300-7369301
3506,NC[C@@H]1C[C@H]1C(=O)O,EN300-19682949
3507,CCCC(N)CCCCC(=O)O,EN300-37084805
3508,NC(Cc1cc(O)ccc1[N+](=O)[O-])C(=O)O,EN300-46784583
3509,NC(CC(=O)O)c1cc[nH]n1,EN300-46822714
3510,N[C@]1(C(=O)O)C[C@@H](O)C1,EN300-26875138
3511,Nc1ccc(CC(=O)O)cn1,EN300-1605536
3512,NC(C(=O)O)c1ccc(SC(F)(F)F)cc1,EN300-182109
3513,N[C@@H](C(=O)O)c1ccccc1Cl,EN300-185599
3514,NC(C(=O)O)c1cc(F)cc(F)c1,EN300-107107
3515,Cc1nc(CN)c(C(=O)O)o1,EN300-45483944
3516,CC(O)CC(=O)NCCCC[C@H](N)C(=O)O,EN300-46441288
3517,Cn1nc(N)c2ccc(C(=O)O)cc21,EN300-28747295
3518,NC1CC12CC2C(=O)O,EN300-27188204
3519,Cc1c(N)ccc(C(=O)O)c1O,EN300-27745430
3520,C[C@@H](N)c1cccc(C(=O)O)c1,EN300-8163314
3521,COCC(CN)C(=O)O,EN300-20867636
3522,Nc1c(Cl)ncc(F)c1C(=O)O,EN300-46824550
3523,Nc1c(C(=O)O)ccc2c1CCC2,EN300-365333
3524,N[C@@H]1CCC[C@H]1CCCC(=O)O,EN300-46674097
3525,Nc1ccccc1OCC(=O)[O-],EN300-8128001
3526,N[C@H](Cc1cn[nH]n1)C(=O)O,EN300-46496967
3527,Nc1c(Cl)cc(C(=O)O)nc1Cl,EN300-46621005
3528,N[C@@H](C(=O)O)c1cccc(F)c1,EN300-23914886
3529,N[C@@H]1CCc2cc(C(=O)O)ccc21,EN300-46799350
3530,NC1(C(=O)O)C[C@@H]2CCCC[C@H]2C1,EN300-46799811
3531,NC1(C(F)(F)F)CC(C(=O)O)C1,EN300-74301
3532,NC[C@@H]1CCC[C@H]1C(=O)O,EN300-46908301
3533,Cc1nn(CC(=O)O)c(C)c1CN,EN300-822184
3534,NC1(CCCCC(=O)O)CC1,EN300-37332606
3535,NC1(C(=O)O)CCCc2ccccc21,EN300-197145
3536,NCC12CC(C(=O)O)(C1)C2,EN300-6496431
3537,Cn1cc(N)c(C(=O)O)n1,EN300-122311
3538,N[C@H](CC(=O)O)Cc1cccc(Cl)c1,EN300-7390069
3539,NCc1cn(CCCC(=O)O)nn1,EN300-46901704
3541,N[C@@H](CC(=O)O)c1cccc(Oc2ccccc2)c1,EN300-45170147
3542,N[C@@H](CC(=O)O)c1ccc(Cl)c(F)c1,EN300-46401472
3543,Cc1nn(CC(=O)O)c(C)c1CN,EN300-44827636
3544,NC(C(=O)O)C1(c2ccccc2Cl)CC1,EN300-46904421
3545,NC(C(=O)O)c1ccc(OCc2ccccc2)cc1,EN300-6487565
3546,NC(C(=O)O)c1cncc(Br)c1,EN300-46894971
3547,N[C@@H](CC(=O)O)C(F)F,EN300-46894995
3548,CCc1cc(C(=O)O)ccc1N,EN300-46897720
3549,Nc1cc(C(=O)O)cn2ccnc12,EN300-8257913
3550,NCC(F)(F)C(F)(F)C(=O)O,EN300-46897785
3551,N[C@H]1CCc2cc(C(=O)O)ccc21,EN300-8777929
3552,NCCn1cc(C(=O)O)nn1,EN300-179434
3553,CC(C)(C)CCC(N)C(=O)O,EN300-180895
3554,NC(C(=O)O)C12CCC(CC1)C2,EN300-46898563
3555,Cc1ccc(N)c(SCCC(=O)O)c1,EN300-135442
3556,CCOc1cc(C(N)CC(=O)O)ccc1OC(C)C,EN300-7386997
3557,NC[C@H]1C[C@@H]1C(=O)O,EN300-19683063
3558,Cn1cncc1CC(N)C(=O)O,EN300-20867608
3559,COC1(CN)CC(C(=O)O)C1,EN300-33191950
3560,NC1CCCC1C(=O)O,EN300-82949
3561,NCCS(=O)(=O)CCCC(=O)O,EN300-46904996
3562,NCC(C(=O)O)C1CC1,EN300-46882824
3563,NCc1ccn2ncc(C(=O)O)c2c1,EN300-25086419
3564,NC(CC(=O)O)c1cccc(I)c1,EN300-718148
3565,Nc1cc(C(=O)O)cc2c1CCC2,EN300-46892153
3566,CC(N)(CCc1ccccc1)C(=O)O,EN300-45178
3567,NC1(C(F)(F)F)CC2(CC(C(=O)O)C2)C1,EN300-74493
3568,NCCN1CCN(CCC(=O)O)CC1,EN300-46907875
3569,CS(=O)(=O)c1ccc(C(N)C(=O)O)cc1,EN300-46963068
3570,C[C@H](N)c1cccc(C(=O)O)c1,EN300-24210023
3571,C[C@H](C[C@H](N)C(=O)O)C(F)(F)F,EN300-7845632
3572,NCC12CCC(C(=O)O)(CC1)C2,EN300-21838504
3573,CCC(CCC(=O)O)NC(=O)CNC(=O)CN,EN300-46744883
3574,NCC(CC(=O)O)C1CC1,EN300-781719
3575,NCC12CC(C(=O)O)(C1)C2(F)F,EN300-46985064
3576,N#Cc1cc(CC(N)C(=O)O)ccn1,EN300-45720964
3577,C=CC(C)(C)C[C@H](N)C(=O)O,EN300-46747555
3578,N[C@@]1(C(=O)O)C[C@H]2CC[C@@H]1C2,EN300-1267086
3579,NC1C2CC3C1C3C2C(=O)O,EN300-45610137
3580,C[C@H](N)CCCC(=O)O,EN300-46919168
3581,Cc1ncsc1C(N)C(=O)O,EN300-47038081
3582,NC(C(=O)O)C(O)CF,EN300-46967879
3583,CCC(CO)(CCN)C(=O)O,EN300-46971536
3584,CCC(N)C(C)CC(=O)O,EN300-46971542
3585,CC1(C(=O)O)CCC(CN)CC1,EN300-46821260
3586,Cc1cc(N)c(C(=O)O)cc1Cl,EN300-46821757
3587,CSC[C@H](N)CC(=O)O,EN300-46971517
3588,C[C@H](CF)[C@H](N)C(=O)O,EN300-7650977
3589,NC(C1CCCO1)C1(C(=O)O)CCC1,EN300-46981572
3590,Cc1cc(N)nnc1C(=O)O,EN300-46987082
3591,COc1ccc(Cn2nnc(C(=O)O)c2N)cc1,EN300-27074639
3592,Cc1cc(N)nc(C(=O)O)n1,EN300-215553
3593,NCc1cc(Cl)cc(C(=O)O)c1,EN300-47213934
3594,N[C@@H](Cc1cccs1)C(=O)O,EN300-77293
3595,NC1CCCC(c2cccc(C(=O)O)c2)C1,EN300-47169088
3596,COc1c(C(=O)O)ccc(N)c1F,EN300-19527044
3597,Cc1cnc(C(=O)O)cc1N,EN300-46953119
3598,CSCC[C@H](N)CC(=O)O,EN300-7391959
3599,N[C@@H]1CC[C@@H](C(=O)O)C1,EN300-7401637
3600,CCC(CC)CC[C@H](N)C(=O)O,EN300-45640660
3601,Nc1ccc(C(=O)O)c(O)c1F,EN300-47325938
3602,CC(N)COc1csc(C(=O)O)c1,EN300-36602237
3603,NC(Cc1cncc(C(F)(F)F)c1)C(=O)O,EN300-6745861
3604,COc1ccc([C@H](C)N)cc1C(=O)O,EN300-1703391
3605,N[C@H](CC(=O)O)C1CC1,EN300-1706077
3606,NC(Cc1cnc[nH]1)C(=O)O,EN300-74227
3607,Cc1cnn(CC(N)C(=O)O)c1,EN300-154712
3608,NC(Cc1cnc(Br)c(Br)c1)C(=O)O,EN300-7352669
3609,NC(Cc1c[nH]c2cccc(O)c12)C(=O)O,EN300-369974
3610,NC(C(=O)O)c1ccc(Cl)nc1,EN300-47307833
3611,Nc1cc(Br)cc(C(=O)O)c1O,EN300-47309235
3612,NC1(C(=O)O)CCCC12CC2,EN300-27102199
3613,NC(C(=O)O)c1cccnc1,EN300-53927
3614,NC(Cc1c[nH]cn1)C(=O)O,EN300-33906
3615,N[C@@H](C(=O)O)C(F)F,EN300-7113225
3616,Cc1nc(C[C@H](N)C(=O)O)c[nH]1,EN300-46968980
3617,NC1CCN(CCC(=O)O)C1,EN300-47319247
3618,Cc1cc(CN)cnc1C(=O)O,EN300-47319441
3619,CC(O)(CCN)C(=O)O,EN300-37442027
3620,Nc1cnn2ccc(C(=O)O)nc12,EN300-46872254
3621,NC(Cc1c[nH]c2cnccc12)C(=O)O,EN300-37470793
3622,CC1(N)CCC(C(=O)O)CC1,EN300-47319017
3623,Nc1c(F)cc(Cl)c(Br)c1C(=O)O,EN300-46987061
3624,NCc1cc(C(=O)O)ccc1C(F)(F)F,EN300-47320149
3625,N[C@H](Cc1cncnc1)C(=O)O,EN300-46775127
3626,CC(N)(C(=O)O)c1cccs1,EN300-46822814
3627,CCC(O)C(=O)NCCCC[C@H](N)C(=O)O,EN300-45774051
3628,C[C@H](c1c[nH]c2ccccc12)[C@H](N)C(=O)O,EN300-24594382
3629,N[C@H](Cc1cccnn1)C(=O)O,EN300-46799289
3630,Nc1cc2cc(C(=O)O)ccc2cn1,EN300-46880548
3631,N[C@@H]1CO[C@@H](C(=O)O)C1,EN300-46885011
3632,NCc1ccc(-c2scnc2C(=O)O)cc1,EN300-47321328
3633,N[C@H](Cc1ccn[nH]1)C(=O)O,EN300-46789853
3634,CC(C)(C(N)C(=O)O)C(F)(F)F,EN300-46892011
3635,NC[C@H]1C[C@H](C(=O)O)C[C@H]1O,EN300-47325192
3636,Nc1ncc(F)cc1C(=O)O,EN300-47308023
3637,NCCSSCC(=O)O,EN300-24200429
3638,C[C@H](N)C(=O)N[C@@H](CO)C(=O)O,EN300-6735315
3639,NCc1nnc2n1CC(C(=O)O)C2,EN300-6763992
3640,N[C@H]1C[C@H](CC(=O)O)C1,EN300-7364712
3641,NC(Cc1ccc(O)nc1)C(=O)O,EN300-6748125
3642,NC(Cc1ccc2ccccc2n1)C(=O)O,EN300-33126241
3643,NCCOc1cccc(C(=O)O)c1,EN300-7360457
3644,CC(C)C(CN)CC(=O)O,EN300-7713412
3645,NC12CC(C(=O)O)(C1)C2(F)F,EN300-37375994
3646,NC/C=C/c1cccc(C(=O)O)c1,EN300-47306632
3647,NC1CCc2c(cccc2C(=O)O)C1,EN300-47309248
3648,N[C@@H](Cc1cc(Cl)cc(Br)c1)C(=O)O,EN300-47319447
3649,N[C@@H](C(=O)O)C(F)F,EN300-47318676
3650,CC(N)c1cc(C(=O)O)n(C)n1,EN300-47324218
3651,CS(=O)(=O)CC[C@H](N)CC(=O)O,EN300-47325145
3652,N#Cc1cc(Cl)cc(C[C@@H](N)C(=O)O)c1,EN300-45597920
3653,Nc1nccc(Cl)c1C(=O)O,EN300-46731548
3654,Cc1nn(-c2cccc(Cl)c2)c(C)c1C(N)C(=O)O,EN300-23659
3655,N[C@@H](Cc1ccncc1)C(=O)O,EN300-77287
3656,NC(Cn1cncn1)C(=O)O,EN300-128675
3657,CCn1cc(CC(N)C(=O)O)c(C)n1,EN300-140826
3658,Cn1cc(C(N)C(=O)O)cn1,EN300-61917
3659,COc1cc(C(=O)O)cnc1N,EN300-47325930
3660,CC(N)C(=O)N1CC(O)CC1C(=O)O,EN300-27736593
3661,Cc1cnccc1C[C@H](N)C(=O)O,EN300-51682945
3662,N[C@H]1[C@H](C(=O)O)[C@@H]2CC[C@H]1O2,EN300-51683794
3663,CC1(C)CC1C(N)C(=O)O,EN300-51685174
3664,NC(Cn1cnc2cc(F)c(F)cc21)C(=O)O,EN300-46823260
3665,NC(C(=O)O)c1cnc2n1CCC2,EN300-46823270
3666,Nc1cc(C(=O)O)cc(N2CCOCC2)c1,EN300-25925735
3667,C[C@@H](N)CCCC(=O)O,EN300-46872024
3668,Nc1n[nH]c2c(C(=O)O)cccc12,EN300-28234119
3669,Nc1cccc(CCCC(=O)O)c1,EN300-201627
3670,N[C@H](CO)CCC(=O)O,EN300-266061
3671,NCc1cn2c(C(=O)O)cccc2n1,EN300-28252845
3672,NC(C(=O)O)c1ccc2c(c1)CCCC2,EN300-28310876
3673,NC1CCC2CC12C(=O)O,EN300-7465900
3674,Cc1ccc(C)c(C(=O)O)c1N,EN300-27107591
3675,NC1CCN(CC(=O)O)CC1,EN300-7544510
3676,NC(CCCC(=O)O)c1ccc(Br)cc1,EN300-28333874
3677,N[C@H]1CO[C@@H](C(=O)O)C1,EN300-46885018
3678,N[C@@H]1CC[C@H](C(=O)O)C1,EN300-7408412
3679,CS(C)(=O)=Nc1ccc(CC(N)C(=O)O)cc1,EN300-7563472
3680,CC[C@@](N)(C(=O)O)c1ccccc1,EN300-33063825
3681,NC1(c2cccc(C(=O)O)c2)COC1,EN300-33273638
3682,N[C@@H](Cc1ccc(F)c(Cl)c1)C(=O)O,EN300-22985393
3683,Cc1cc(O)c(O)cc1CC(N)C(=O)O,EN300-192786
3684,NCC(F)(F)CC(=O)O,EN300-119974
3685,NCC(CCC(=O)O)C(F)(F)F,EN300-07164
3686,CC(C)(N)C(C)(C)C(=O)O,EN300-84771
3687,NC1CCC1CC(=O)O,EN300-7466330
3688,NCCOCCC(=O)O,EN300-1719224
3689,CC1CCC(CN)(CC(=O)O)C1,EN300-132346
3690,N[C@H](Cc1cnccn1)C(=O)O,EN300-37473919
3691,CCCC(N)(C(=O)O)c1ccccc1,EN300-51653966
3692,NC(CCC(=O)O)C(F)F,EN300-37083613
3693,COC[C@H](N)CC(C)(C)C(=O)O,EN300-45636813
3694,CC[C@](N)(C(=O)O)c1ccccc1,EN300-33063824
3695,Cc1cccnc1C[C@H](N)C(=O)O,EN300-47340246
3696,COc1cc(C(=O)O)c(N)nn1,EN300-47331277
3697,Nc1ncnn2c(C(=O)O)ccc12,EN300-51731392
3698,CC(C)(C)c1ccc(N)c(C(=O)O)c1,EN300-19909259
3699,Nc1cnccc1CC(=O)[O-],EN300-47339507
3700,Cn1cc(C#N)c(N)c1C(=O)[O-],EN300-47340851
3701,Nc1cccc(OCCC(=O)O)c1,EN300-8054658
3702,NC/C=C/C(=O)O,EN300-46767609
3703,CSCC[C@@H](N)CC(=O)O,EN300-7691027
3704,CC1(C)C(C(N)C(=O)O)C1(C)C,EN300-51657522
3705,Cc1cc(N)nc(C(=O)O)c1,EN300-51688329
3706,Nc1cc(C(=O)O)cc(-c2nnn[nH]2)c1,EN300-51688529
3707,CC(C)(N)c1ncc(C(=O)O)cn1,EN300-51683146
3708,C[C@]1(N)CC[C@@H](C(=O)O)CC1,EN300-51684822
3709,NC1(C(=O)O)CCCC2CCCCC21,EN300-51661587
3710,Cc1ccc(C)n1-c1cc(N)ccc1C(=O)O,EN300-23417254
3711,NCCN1CCC2(CC1)CC2C(=O)O,EN300-46769973
3712,C[C@H](N)c1ccc(-c2scnc2C(=O)O)cc1,EN300-51685705
3713,Nc1ncnn2c(C(=O)O)ccc12,EN300-51688497
3714,Cc1ccc(CN)cc1C(=O)O,EN300-8221124
3715,CCC[C@H](N)C(=O)N[C@H](Cc1ccc(O)cc1)C(=O)O,EN300-39667111
3716,Nc1cc(Cl)nc(Cl)c1C(=O)O,EN300-6481675
3717,N[C@@H](CC(=O)O)c1cccc(Br)c1,EN300-24220241
3718,N[C@@H]1C[C@H]2CC[C@]1(CC(=O)O)C2,EN300-51691959
3719,CC(N)(C(=O)O)C(O)c1ccccc1,EN300-51692139
3720,NC1(C(F)(F)F)CCC(C(=O)O)C1,EN300-39843417
3721,CC[C@H](N)c1nc(C(=O)O)nn1C,EN300-27703626
3722,CC1(C(N)C(=O)O)CCCC1,EN300-7995045
3723,N[C@@H](C(=O)O)C(C(F)(F)F)C(F)(F)F,EN300-47306811
3724,Nc1nc2ccc(CC(=O)O)cc2s1,EN300-18635975
3725,NC(CCC1CCOCC1)C(=O)O,EN300-46916226
3726,COc1cccc(C[C@@H](N)C(=O)O)c1,EN300-20766156
3727,Nc1c(C(=O)O)ccc(F)c1Br,EN300-742019
3728,N[C@@H]1CC[C@@H](C(=O)O)C1,EN300-7420888
3729,NC1(C(=O)O)C[C@@H]2CCC[C@H]2C1,EN300-47334496
3730,NC(C1CCCCC1)C(O)C(=O)O,EN300-9063640
3731,Nc1cc(C(F)(F)F)ncc1C(=O)O,EN300-2008261
3732,Nc1ccc(OC(F)(F)C(=O)O)cc1,EN300-45411703
3733,CCc1ccc(N)cc1C(=O)O,EN300-333761
3734,N[C@@H](C1CCCCC1)[C@@H](O)C(=O)O,EN300-24156960
3735,Nc1nccn2c(C(=O)O)cnc12,EN300-51739544
3736,Cn1nc(CCN)cc1C(=O)O,EN300-51742804
3737,NC(=O)C1CNCCN1CCC(=O)O,EN300-51683038
3738,N[C@H](CC(=O)O)c1cccc(Br)c1,EN300-8673612
3739,NC(Cc1ccnnc1)C(=O)O,EN300-51761041
3740,Nc1cc(C(=O)O)cc2ccccc12,EN300-51762755
3741,CC1CCCC(N)(C(=O)O)C1,EN300-51764855
3742,CCn1ncc(CN)c1C(=O)O,EN300-51813111
3743,CCCCCCCCCCCCOc1ccc(C[C@H](N)C(=O)O)cc1,EN300-51813728
3744,NC1(CC(=O)O)C[C@H]2COC[C@H]21,EN300-51815139
3745,Cn1nc(CCN)cc1C(=O)O,EN300-51834621
3746,COc1ccc(C(=O)O)c(N)c1OC,EN300-190540
3747,N[C@@H](CCCC(F)(F)F)C(=O)O,EN300-25904178
3748,NCc1ccnc(C(=O)O)n1,EN300-51689613
3749,NC1COCCC1CC(=O)O,EN300-51732134
3750,CS(=O)(=O)C[C@H](N)CC(=O)O,EN300-51778630
3751,COC(CCN)CC(=O)O,EN300-51733238
3752,CC1C(N)CCC(C(=O)O)C1(C)C,EN300-47327987
3753,N[C@H]1CCO[C@@H](C(=O)O)C1,EN300-51813731
3754,NC(C(=O)O)c1cccc(F)c1O,EN300-51684486
3755,Cc1ccc(CC[C@H](N)C(=O)O)cc1,EN300-8582250
3756,NCc1ccc(-c2ccccc2C(=O)O)cc1,EN300-6486399
3757,N[C@@H](Cc1c[nH]c2ccc(F)cc12)C(=O)O,EN300-12702085
3758,Nc1cc(Cl)nc(C(=O)[O-])c1Cl,EN300-8155694
3759,NC(CC(=O)O)C1CCOCC1,EN300-8163246
3760,NC1CCCC1Oc1cccc(C(=O)O)n1,EN300-51663787
3761,NC1(C(=O)O)CCC(F)(F)C1,EN300-6817250
3762,Nc1ccc(OCc2ccccc2)cc1C(=O)O,EN300-7017966
3763,N#Cc1cc(Cl)cc(C[C@H](N)C(=O)O)c1,EN300-45597919
3764,Cn1nc(C(=O)O)c2ccc(N)cc21,EN300-51659386
3765,Nc1cccc(OCC(=O)O)c1,EN300-8219863
3766,Nc1cc(C(=O)O)ccc1-c1nnn[nH]1,EN300-51897748
3767,NCc1cc2cc(Cl)cc(C(=O)O)c2o1,EN300-51688050
3768,COc1cc(C(=O)O)c2nc(N)sc2c1,EN300-29138499
3769,Nc1cccnc1CC(=O)[O-],EN300-51867963
3770,N[C@H]1C[C@@](C(=O)O)(C(F)F)C1,EN300-51869814
3771,Nc1nc(-c2ncc(C(=O)O)s2)cs1,EN300-51870978
3772,COCC(C)(N)C(=O)O,EN300-100589
3773,CC(N)(C(=O)O)c1ccc(Cl)cc1,EN300-43471
3774,CC(N)C(=O)O,EN300-18224
3775,C[C@](N)(Cc1ccc(O)c(O)c1)C(=O)O,EN300-120685
3776,CC(N)(C(=O)O)c1ccc(O)cc1,EN300-84488
3777,CC(N)(C(=O)O)C1CCC1,EN300-234135
3778,CC(N)(CO)C(=O)O,EN300-175656
3779,CC(N)(C(=O)O)c1cc(F)ccc1F,EN300-65406
3780,N[C@@H]1CCCc2c(C(=O)O)cccc21,EN300-19928271
3781,NC1(C(=O)O)CC=CCC1,EN300-20876573
3782,Nc1cccc(O)c1C(=O)O,EN300-1605593
3783,C=CCCCCC(N)C(=O)O,EN300-7897669
3784,Cn1ncc(C(=O)O)c1CCN,EN300-51898138
3785,Cn1ncc2ccc(C(=O)O)c(N)c21,EN300-27103952
3786,CCSCC(N)C(=O)O,EN300-51999866
3787,Nc1nc2c(s1)CCC(C(=O)O)C2,EN300-51862010
3788,NC1C2COCC1CC(C(=O)O)C2,EN300-46752645
3789,NCC12CCCC(C(=O)O)(C1)C2,EN300-51905749
3790,Cc1cccc(F)c1C(N)C(=O)O,EN300-51653969
3791,N[C@@H](CC1CCCC1)C(=O)O,EN300-51661420
3792,CC(C)(C(=O)O)C(N)C1CCC1,EN300-51834824
3793,Nc1c(C(=O)O)cc(Br)c2ccncc12,EN300-51890571
3794,CCC(N)(CC)CC(=O)O,EN300-51871804
3795,N[C@]12CCO[C@](C(=O)O)(C1)C2,EN300-51883389
3796,NC[C@@H]1CCCN1CC(=O)O,EN300-51911223
3797,NC1CCOc2cc(C(=O)O)ncc21,EN300-52001814
3798,N[C@H](CC(F)(F)F)C(=O)O,EN300-20605921
3799,Nc1nc(F)ccc1C(=O)O,EN300-2124781
3800,Nc1ccc(C(=O)O)c2c1CCCC2,EN300-52013512
3801,NCc1ncc(C(=O)O)cc1F,EN300-51881639
3802,COc1cccc(-c2nsc(C(=O)O)c2N)c1,EN300-24902999
3803,Cc1cccnc1C[C@@H](N)C(=O)O,EN300-51908926
3804,N[C@H](Cc1ncco1)C(=O)O,EN300-51661593
3805,CC1(C)[C@@H](c2ccccc2)C[C@]1(N)C(=O)O,EN300-51835627
3806,Cn1nnc(N)c1C(=O)O,EN300-51694432
3807,NCCc1occc1C(=O)O,EN300-51868525
3808,Nc1cnc(C(=O)O)c(F)c1,EN300-51870979
3809,Cc1snc(N)c1C(=O)O,EN300-51880886
3810,COc1cc(C[C@H](N)C(=O)O)cc(OC)c1OC,EN300-51686515
3811,NC[C@]12CCO[C@](C(=O)O)(C1)C2,EN300-51883388
3812,CC(C)(C(=O)O)C(N)Cc1ccccc1,EN300-51891096
3813,N[C@@H]1C[C@H](C(=O)O)[C@H]1C(F)(F)F,EN300-51891202
3814,Nc1nc2c(C(=O)O)cc(O)cc2s1,EN300-51896679
3815,Nc1nc2c(cc1C(=O)O)CCCO2,EN300-52134167
3816,N[C@H](CC(=O)O)c1ccsc1,EN300-7438551
3817,N[C@@H](CC(=O)O)c1ccsc1,EN300-7438552
3818,NC1CCc2cc(C(=O)O)ccc21,EN300-8795584
3819,CCn1ncc(N)c1C(=O)O,EN300-7466374
3820,COc1ccc(N)c(C(=O)O)c1C,EN300-7540826
3821,NCCC1(CCC(=O)O)N=N1,EN300-52100808
3822,N[C@H]1COc2cc(C(=O)O)ccc21,EN300-52001073
3823,Cc1ccncc1C[C@H](N)C(=O)O,EN300-51908936
3824,CC(O)(CN)C(=O)O,EN300-7617474
3825,NCc1cc2cnc(C(=O)O)nc2o1,EN300-52057640
3826,C[C@]1(C(=O)O)C[C@@H]1CN,EN300-51996730
3827,NC[C@@H]1CCCC[C@H]1C(=O)O,EN300-52055497
3828,NC(=O)[C@H]1CC[C@@H](C(=O)O)N1,EN300-52055498
3829,N[C@H](C(=O)O)c1ccc(Cl)o1,EN300-52029137
3830,C[C@@]1(C(=O)O)C[C@H]1CN,EN300-52005839
3831,N[C@]1(C(=O)O)C[C@H](C(F)(F)F)C1,EN300-8223357
3832,N[C@@H](Cc1c[nH]c2ccccc12)C(=O)N[C@@H](Cc1cnc[nH]1)C(=O)O,EN300-51978445
3833,NCCN1CCCC1C(=O)O,EN300-52193466
3834,N[C@@H](Cc1ncco1)C(=O)O,EN300-52138687
3835,N[C@H](Cc1ncco1)C(=O)O,EN300-52138649
3836,NC(Cc1c(F)ccc(F)c1F)C(=O)O,EN300-51975982
3837,NCCc1snnc1C(=O)O,EN300-52138742
3838,Nc1ncccc1CC(=O)O,EN300-177876
3839,C[C@@H](N)c1ccccc1C(=O)O,EN300-8163377
3840,NCC1(c2ccccc2C(=O)O)CC(F)(F)C1,EN300-52034568
3841,N[C@@H](CC(F)(F)F)C(=O)O,EN300-22152061
3842,NC1CCOc2nc(C(=O)O)ccc21,EN300-51985632
3843,CC1(C)Oc2cc(N)c(C(=O)O)cc2O1,EN300-83394
3844,CC(C)(C)C[C@@H](N)C(=O)O,EN300-52014973
3845,NCC1(CCC(=O)O)CC1(F)F,EN300-52014996
3846,COc1ccc(C(=O)O)c(N)n1,EN300-147378
3847,CN(C)CCCC[C@@H](N)C(=O)O,EN300-52001066
3848,CC1(C)Cc2cc(C(=O)O)ccc2C1N,EN300-52193553
3849,N[C@H](Cc1ccccn1)C(=O)O,EN300-7415147
3850,NC[C@H](CC(=O)O)c1ccccc1,EN300-7419232
3851,Nc1cc(C(F)(F)F)c(C(=O)O)cc1F,EN300-20825975
3852,Nc1c(C(=O)O)cc(Cl)cc1[N+](=O)[O-],EN300-631689
3853,N[C@@]1(C(=O)O)C[C@@H]2[C@H](C1)C2(F)F,EN300-51913832
3854,NCc1snnc1C(=O)O,EN300-52154490
3855,NC(Cc1cccc(Cl)n1)C(=O)O,EN300-52103297
3856,Cc1ccc(C(N)C(=O)O)cc1Cl,EN300-51998124
3857,Nc1cccc2c1CN(CC(=O)O)C2=O,EN300-51657630
3858,COCCOC[C@@H](N)C(=O)O,EN300-52196927
3859,COCCOC[C@H](N)C(=O)O,EN300-52196929
3860,NC[C@H]1CCCN1CC(=O)O,EN300-52196986
3861,N[C@]1(C(=O)O)CCC[C@@H](n2ccnc2)C1,EN300-52062527
3862,N[C@@]1(C(=O)O)CCC[C@@H](n2ccnc2)C1,EN300-52062535
3863,Nc1cc(C(=O)O)cc(F)n1,EN300-6480039
3864,CC(C)(C)OC(=O)NC(CC(N)=O)C(=O)O,EN300-49675
3865,NC1CCN(C(=O)c2ccc(C(=O)O)cc2)CC1,EN300-52210374
3866,N[C@H](Cc1c[nH]c2ccc(F)cc12)C(=O)O,EN300-22154001
3867,Nc1c(C(=O)[O-])oc2ncccc12,EN300-52210793
3868,NCCOCCOCCOCCOCCOCC(=O)O,EN300-7393333
3869,N[C@H](CC(=O)O)Cc1cccs1,EN300-7361115
3870,Nc1ccccc1C(=O)NCC(=O)O,EN300-7386343
3871,Cc1cc(Br)ccc1C(N)C(=O)O,EN300-52220929
3872,NC[C@]1(F)C[C@@H](C(=O)O)C1,EN300-52225237
3873,CC(N)C(=O)NCCC(=O)O,EN300-52207807
3874,Cc1nc(N)c(C(=O)O)cc1F,EN300-21637720
3875,CC(N)C(=O)NCCC(=O)O,EN300-52225300
3876,N[C@H](Cc1cc[nH]c1)C(=O)O,EN300-2995377
3877,COc1ncc(C(=O)O)c(N)n1,EN300-28641950
3878,NC(CC(=O)O)c1ccc([N+](=O)[O-])cc1,EN300-135294
3879,CC(N)(COCc1ccccc1)CC(=O)O,EN300-52136806
3880,Cn1ncc(CCN)c1C(=O)O,EN300-52233647
3881,CC1(C)Cc2ccc(C(=O)O)cc2C1N,EN300-52135000
3882,COc1ncc(C(=O)O)cc1CN,EN300-52117838
3883,N[C@@H](Cc1cc(Br)cs1)C(=O)O,EN300-52124723
3884,N[C@@H]1COc2cc(C(=O)O)ccc21,EN300-52121620
3885,NCCC1(C(=O)O)CC(F)(F)C1,EN300-52097316
3886,CSCC(C)(N)C(=O)O,EN300-52242588
3887,N[C@@H](Cc1ccnc(Cl)c1)C(=O)O,EN300-52246335
3888,NCC1(CCC(=O)O)CC1,EN300-52273882
3889,COc1ncc(C(=O)[O-])c(N)n1,EN300-52296996
3890,NCC[C@H]1OCC[C@H]1C(=O)O,EN300-52302191
3891,Nc1ccc(C2(C(=O)O)CCCO2)cc1,EN300-52369992
3892,N[C@H](C(=O)O)C(C(F)(F)F)C(F)(F)F,EN300-10010094
3893,CCc1nsc(N)c1C(=O)O,EN300-742124
3894,N[C@]1(C(=O)O)C[C@H]1C1CC1(F)F,EN300-52279433
3895,N[C@@H](CC(=O)O)c1cccc(C(F)(F)F)c1,EN300-181082
3896,NCC12CCC(C(=O)O)(CC1)O2,EN300-39677669
3897,CSC(C)(C)[C@@H](N)C(=O)O,EN300-52317865
3898,Nc1ccsc1CCCC(=O)O,EN300-18576797
3899,COc1ccc(C(N)CC(=O)O)cn1,EN300-1828590
3900,N[C@@H](C(=O)O)C(F)(F)c1ccccc1,EN300-25432410
3901,NCCOc1n[nH]cc1C(=O)O,EN300-52233301
3902,Nc1cccc(C2(C(=O)O)CCCO2)c1,EN300-52126825
3903,N[C@@H](Cc1cn(Cc2ccccc2[N+](=O)[O-])cn1)C(=O)O,EN300-52055900
3904,NCCN1CCC[C@H]1C(=O)O,EN300-51876945
3905,N[C@@H](CCCNC(=O)NCc1ccccc1[N+](=O)[O-])C(=O)O,EN300-51986099
3906,NC(CCCC(F)(F)F)C(=O)O,EN300-48288350
3907,NCCOc1ccccc1C(=O)O,EN300-8778336
3908,Nc1cc(F)c(C(=O)O)cc1Cl,EN300-221345
3909,N[C@]1(C(F)(F)F)CCC[C@@H](C(=O)O)C1,EN300-46872034
3910,Nc1ccnc(C(=O)O)c1F,EN300-6824220
3911,CN1CCC(N)(C(=O)O)c2ccccc21,EN300-254693
3912,Nc1cnn(CCC(=O)O)c1,EN300-37336191
3913,CP(C)(=O)c1cc(N)cc(C(=O)O)c1,EN300-7355740
3914,N[C@H]1[C@H]2CCCCC[C@H]2[C@H]1C(=O)O,EN300-26863596
3915,NCCOc1ccc(F)c(C(=O)O)c1,EN300-7465452
3916,NCCC(=O)NCCC(=O)NCCC(=O)O,EN300-23982128
3917,Cn1nc(-c2ccc(N)cc2)cc1C(=O)O,EN300-52268555
3918,CC(=O)NC(CCC(O)C(N)CO)C(=O)O,EN300-46875790
3919,N[C@H]1C[C@H](c2ccc(C(=O)O)cc2)C1,EN300-52242587
3920,NCCc1nc(C(=O)O)co1,EN300-52242603
3921,Nc1ccc(C23CC(C(=O)O)(C2)C3)cc1,EN300-52268554
3922,C[C@@H](CF)C[C@H](N)C(=O)O,EN300-7712480
3923,N[C@H](C(=O)O)c1ccc(Br)cc1,EN300-8165702
3924,CC1(N)CCCCC1C(=O)O,EN300-116107
3925,NCCOCCOCCC(=O)O,EN300-8219459
3926,NC(Cc1ccncn1)C(=O)O,EN300-260655
3927,NC1(C(=O)O)CCC(C(F)(F)F)C1,EN300-33213934
3928,CC1(C)C2CCC1(C(N)C(=O)O)C2,EN300-52351723
3929,C[C@@](N)(C(=O)O)c1ccccc1,EN300-245958
3930,CC1(C(N)C(=O)O)CCCCC1,EN300-135717
3931,Cc1c(CC(N)C(=O)O)cnn1C,EN300-6764402
3932,NC1(C(=O)O)CC2(CC2)C1,EN300-45647140
3933,NC(Cc1ccoc1)C(=O)O,EN300-7440580
3934,COc1cc(Br)c(C(N)C(=O)O)cc1OC,EN300-385753
3935,CN(CCN)CCCC(=O)O,EN300-624322
3936,CCCc1ccc(C(=O)O)cc1N,EN300-8130972
3937,CC(N)(C(=O)O)c1ccc(F)cc1,EN300-171175
3938,Nc1cccc2cccc(C(=O)[O-])c12,EN300-25006133
3939,NC(CC(=O)O)c1cscc1Br,EN300-7440877
3940,NC(c1ccccc1)c1ccc(C(=O)O)cc1,EN300-6744138
3941,NCC(CC(=O)O)C(F)F,EN300-214798
3942,N[C@@H](Cc1cnc[nH]1)C(=O)N[C@@H](Cc1c[nH]c2ccccc12)C(=O)O,EN300-51978444
3943,CC(F)(F)C(N)C(=O)O,EN300-7501126
3944,Cc1cc(N)nc(C)c1C(=O)O,EN300-717439
3945,Nc1cnccc1C(=O)O,EN300-40529
3946,N[C@@H](C(=O)O)C1CCCCC1,EN300-7384281
3947,NC(CC(=O)O)c1ccc(Br)cc1,EN300-22837
3948,C=C(C)CC(N)C(=O)O,EN300-180877
3949,NCc1ncc(C(=O)O)o1,EN300-7712242
3950,NCc1cccc(-n2ccc(C(=O)O)n2)c1,EN300-197863
3951,NC1(C(=O)O)C2CCCCC21,EN300-7536186
3952,N[C@@H](COC1CCOCC1)C(=O)O,EN300-7427207
3953,NCc1c(C(=O)O)oc2ccccc12,EN300-261275
3954,NC(Cc1ccnnc1)C(=O)O,EN300-391760
3955,NC(CO)Cc1ccc(C(=O)O)o1,EN300-24813104
3956,COc1cccc(CCC(N)C(=O)O)c1,EN300-51836366
3957,Cc1cc(Br)c(C(=O)O)cc1N,EN300-103283
3958,Nc1ccc(C(=O)O)nc1Br,EN300-125432
3959,NCCCN1CCC(C(=O)O)CC1,EN300-822185
3960,Cc1cnc(N)c(C(=O)O)c1,EN300-301907
3961,NC1CN(Cc2ccccc2)CC1C(=O)O,EN300-1704143
3962,Cn1cc(Cl)c(CC(N)C(=O)O)n1,EN300-323320
3963,N[C@H](CF)CCC(=O)O,EN300-176471
3964,Nc1cnn(CC(=O)O)c1,EN300-1708817
3965,C[C@@]1(c2ccccc2)C[C@]1(N)C(=O)O,EN300-315715
3966,NC(Cc1csc(C(F)(F)F)c1)C(=O)O,EN300-6730212
3967,CCCC(C)(N)C(=O)O,EN300-41319
3968,Nc1nc(C(=O)O)c2ccccc2n1,EN300-2662066
3969,Nc1c(Br)cnn1CC(=O)O,EN300-176251
3970,COc1cc(N)c(C(=O)O)cc1OC,EN300-20489
3971,NC(Cc1c(F)cccc1Cl)C(=O)O,EN300-140886
3972,N[C@H](Cc1ccccn1)C(=O)O,EN300-94615
3973,C=CCSCC[C@H](N)C(=O)O,EN300-252301
3974,COc1cc(F)c(C(N)C(=O)O)c(F)c1,EN300-7445013
3975,Nc1ncc(Cl)nc1C(=O)O,EN300-110369
3976,CC(C)(C)C(N)c1cccc(C(=O)O)c1,EN300-7427958
3977,Nc1ccc(Br)cc1C(=O)O,EN300-20882
3978,NC/C=C/c1ccc(C(=O)O)cc1,EN300-46908210
3979,C=C(CN)C(=O)O,EN300-27752606
3980,Cn1cc(C(=O)O)c(CN)n1,EN300-7459907
3981,Nc1ccc(C(=O)O)cc1O,EN300-42793
3982,Nc1c(C(=O)O)cnc2ccnn12,EN300-226831
3983,Nc1cc(C(=O)O)c2ccccc2c1,EN300-68152
3984,COCCOCCOCCC(CCN)C(=O)O,EN300-1603980
3985,NC1(c2ccc(C(=O)O)o2)CC1,EN300-27194219
3986,CC(N)C1(C(=O)O)CC1,EN300-45406935
3987,Nc1cccc(-c2nccn2CC(=O)O)c1,EN300-109697
3988,NCc1cc2cc(C(=O)O)cnc2o1,EN300-32407613
3989,Cn1ncnc1CC(N)C(=O)O,EN300-7443145
3990,C[C@H](N)c1ccc(C(=O)O)cc1,EN300-7386930
3991,NC(Cc1cnc(Cl)c(Cl)c1)C(=O)O,EN300-6512989
3992,Nc1cc(C(=O)O)ccn1,EN300-78505
3993,N[C@]12CCC[C@H](C[C@H]1C(=O)O)C2,EN300-28243861
3994,N[C@@H]1COC[C@H]1C(=O)O,EN300-21680469
3995,CC(C)(CN)c1ccc(C(=O)O)cc1,EN300-46761976
3996,Cc1ccccc1C(N)(C(=O)O)C(F)(F)F,EN300-125778
3997,NC1CCN(c2cc(C(=O)O)ccn2)CC1,EN300-96205
3998,CC[C@@H](N)CC(=O)O,EN300-1718883
3999,CC(C)(C(=O)O)c1ccc(N)nc1,EN300-124651
4000,NCC1(CC(=O)O)CCCc2ccccc21,EN300-1272620
4001,NCC(C(=O)O)C1CCOCC1,EN300-263380
4002,COc1ccc(C(=O)O)cc1Cn1cc(N)cn1,EN300-762821
4003,NC(C(=O)O)c1c(Cl)cccc1Cl,EN300-7465156
4004,CCC(N)c1nc(C(=O)O)c[nH]1,EN300-310827
4005,Cc1cc(N)c(C(=O)O)cc1F,EN300-217596
4006,Cc1cccc(C(N)C(=O)O)c1,EN300-75169
4007,Nc1ccc(C2(C(=O)O)CCC2)cc1,EN300-1122494
4008,Nc1ccc(O)cc1C(=O)O,EN300-19513
4009,Nc1ccc(-c2nn(-c3ccccc3)cc2C(=O)O)cc1,EN300-55986
4010,CSc1cc(C(=O)O)ccc1N,EN300-24332
4011,Nc1ccc(C(=O)O)cn1,EN300-18748
4012,NCc1cc(C(=O)O)co1,EN300-153272
4013,CCC(N)(C(=O)O)c1cccc(Cl)c1,EN300-42981
4014,CCC(C(=O)O)n1cc(N)c(C(F)(F)F)n1,EN300-92560
4015,N[C@@H](Cc1ccncn1)C(=O)O,EN300-37399484
4016,CC(N)(Cc1ccc(Cl)cc1)C(=O)O,EN300-343900
4017,NCCCC(=O)NCCCCCC(=O)O,EN300-27081723
4018,CCCCN(C)c1ccc(N)c(C(=O)O)c1,EN300-7355234
4019,NC(Cn1cncn1)C(=O)O,EN300-367099
4020,Cc1ccc(C(N)CC(=O)O)cc1,EN300-08351
4021,Nc1ccc(C(=O)O)cc1,EN300-17988
4022,N[C@@H](CC(=O)O)c1ccc(F)cc1F,EN300-85544
4023,CCn1c(N)nc2cc(C(=O)O)ccc21,EN300-121391
4024,Nc1ccccc1C(=O)Nc1ccc(Cl)cc1C(=O)O,EN300-211957
4025,CC(N)(C(=O)O)c1cccc(C(F)(F)F)c1,EN300-67433
4026,NC1CC2(C1)CC1(CC(C(=O)O)C1)C2,EN300-6737777
4027,Cc1nn(C)cc1C(N)C(=O)O,EN300-6473493
4028,NCCC(=O)O,EN300-18046
4029,Nc1ccc2c(C(=O)O)cc(O)nc2n1,EN300-313433
4030,CCOC(=O)CC[C@H](N)C(=O)O,EN300-187122
4031,N[C@H](Cc1ccccc1)C(=O)O,EN300-60166
4032,NC(CCc1ccccc1)C(=O)O,EN300-135009
4033,N[C@@]1(C(=O)O)C[C@H](O)C12CCC2,EN300-26673288
4034,CNC(=O)c1cc(C#N)c(SCC(=O)O)nc1N,EN300-12566
4035,Nc1cc(Cl)cc(C(=O)O)c1,EN300-77883
4036,N[C@H](C(=O)O)C12CC(C(F)(F)F)(C1)C2,EN300-261559
4037,COCc1nc(N)ncc1C(=O)O,EN300-23320898
4038,CC(C)(C)OC(=O)NCCCCC(N)C(=O)O,EN300-253277
4039,Nc1c(C(=O)O)cc(Br)c2ccccc12,EN300-306517
4040,NCC1(CC(=O)O)CCC1,EN300-110004
4041,C[C@H](N)CCC(=O)O,EN300-6764780
4042,Cc1cccc(CC(N)C(=O)O)c1,EN300-170415
4043,CSc1ccc(N)cc1C(=O)O,EN300-393392
4044,Nc1ccc(C2(C(=O)O)CCOCC2)cc1,EN300-45487748
4045,NC(CSCCOc1ccccc1)C(=O)O,EN300-99826
4046,N[C@@H](CC(=O)O)Cc1cccs1,EN300-7363504
4047,Nc1ccc(C(=O)NCC(=O)O)cc1,EN300-20920
4048,CC(=O)NCCC[C@H](N)C(=O)O,EN300-25983812
4049,NC(CCc1ccccc1)CC(=O)O,EN300-392865
4050,Cc1cn(C(C)C(=O)O)nc1N,EN300-92476
4051,N[C@@H]1C=CC[C@@H](C(=O)O)C1,EN300-378279
4052,Cc1cc(C(N)C(=O)O)ccc1Cl,EN300-129657
4053,C[C@]1(N)CCC[C@H]1C(=O)O,EN300-1272736
4054,NC1(C(=O)O)CCc2ccc(Br)cc21,EN300-52288968
4055,NC(C(=O)O)C1CCC2CC21,EN300-45606513
4057,CC1(C)CCC1(N)C(=O)O,EN300-37355916
4058,CC(N)(Cn1cncn1)C(=O)O,EN300-136482
4059,NC12CC(C(=O)O)(C1)C2,EN300-88073
4060,NC(Cc1cnc[n+]([O-])c1)C(=O)O,EN300-7447198
4062,CC(C)c1ccc2c(N)c(C(=O)O)sc2n1,EN300-6730838
4063,NC(CCO)C(=O)O,EN300-53027
4064,CCc1ccc(C(N)CC(=O)O)cc1,EN300-1857400
4065,Nc1c(C(=O)O)nc2c(OCc3ccccc3)cccn12,EN300-12715399
4066,CC1CCCC(N)(C(=O)O)C1,EN300-53603
4067,COc1cc(N)c(C(=O)O)cc1OC(F)F,EN300-53185
4068,NC(CO)(Cc1ccccc1)C(=O)O,EN300-7547388
4069,CNC(=O)COc1cc(C(=O)O)ccc1N,EN300-314485
4070,NC(C(=O)O)C(F)(F)F,EN300-96746
4071,CN(C)C(=O)COc1cc(C(=O)O)ccc1N,EN300-314489
4072,COCC1(C(=O)O)CC(N)C1,EN300-27122108
4073,Nc1ccc(C(=O)O)cc1OC(F)(F)F,EN300-110358
4074,NCc1ccnc(C(=O)O)c1,EN300-7438232
4075,CC(N)(C(=O)O)c1ccccc1Br,EN300-76700
4076,NC1(C(=O)O)CC2CCC(C2)C1,EN300-1708845
4077,NC1CCC([C@@H]2C[C@H]2C(=O)O)CC1,EN300-7565046
4078,NCC1CC=C(C(=O)O)CC1,EN300-207463
4079,N[C@@H](CSCNC(=O)c1ccccc1)C(=O)O,EN300-304760
4080,NC(C(=O)O)c1ccc(Cl)cc1Cl,EN300-45269
4081,N[C@]1(C(=O)O)C[C@H](O)C1,EN300-378875
4082,Nc1cc2c(C(=O)O)cccn2n1,EN300-1296323
4083,NCCc1nc(C(=O)O)cs1,EN300-343126
4084,NC(Cc1ccc(-c2ccccc2)cc1)C(=O)O,EN300-7460138
4085,NC(Cc1c[nH]c2ccc(Br)cc12)C(=O)O,EN300-85120
4086,Nc1cc(C(=O)O)[nH]n1,EN300-7373994
4087,NC(Cc1csc(Br)c1)C(=O)O,EN300-27082433
4088,Nc1nnc(CCCC(=O)O)s1,EN300-146407
4089,CC1(C)OC2(C(=O)O)CC1(N)C2,EN300-27152006
4090,CCCCC[C@H](N)C(=O)O,EN300-256188
4091,NC(Cc1ccsc1Br)C(=O)O,EN300-6733712
4092,NC(C(=O)[O-])(c1ccc[nH]1)C(F)(F)F,EN300-247603
4093,NC(C(=O)O)c1ccc(O)cc1F,EN300-1845859
4094,NC(CCc1ccccn1)C(=O)O,EN300-1556029
4095,N[C@@H](Cc1ccc(Cl)cc1Cl)C(=O)O,EN300-199891
4096,CCc1nc(C(=O)O)c(N)s1,EN300-717294
4097,CC(N)(C(=O)O)c1ccc(Oc2ccccc2)cc1,EN300-6489891
4098,Cc1csc(NC(=O)CSCC(N)C(=O)O)n1,EN300-79933
4099,NCCc1cccc(CC(=O)O)c1,EN300-8775272
4100,NC(CCc1ccccc1)C(=O)O,EN300-1387079
4101,Nc1cccc(F)c1C(=O)O,EN300-41610
4102,CN1CCC(CC(N)C(=O)O)CC1,EN300-314216
4103,Nc1nnc(CCC(=O)O)s1,EN300-146598
4104,Nc1nc(CSCC(=O)O)nc2ccccc12,EN300-120250
4105,NS(=O)(=O)c1ccc(NCC(=O)O)cc1,EN300-27702119
4106,Nc1cc(C(=O)O)c(F)cn1,EN300-2979100
4107,NCC(Cc1ccccc1)C(=O)O,EN300-84865
4108,NCC1CCCN(CC(=O)O)C1,EN300-755116
4109,NCC1(C(=O)O)CCC(F)(F)CC1,EN300-46414955
4110,Cc1cccc(C(N)C(=O)O)c1C,EN300-155701
4111,[N-]=[N+]=NC[C@H](N)C(=O)O,EN300-6492935
4112,NCc1ccc(-c2cccc(C(=O)O)c2)cc1,EN300-2008652
4113,NCCC1CCC(C(=O)O)CC1,EN300-7548992
4114,Nc1cc(Cl)nnc1C(=O)O,EN300-65429
4115,Cc1nc(CCN)sc1C(=O)O,EN300-69933
4116,Cc1cccc(C(CN)C(=O)O)c1,EN300-746404
4117,Nc1ccc(-n2cc(C(=O)O)cn2)cc1,EN300-45804575
4118,NCC1(C(=O)O)CC(F)(F)C1,EN300-1272581
4119,N[C@@H](C(=O)O)c1ccc(Cl)o1,EN300-52029138
4120,Nc1ccc(OCc2ccc(C(=O)O)o2)c(Cl)c1,EN300-232304
4121,Cc1cc(N)c(C(=O)O)cc1C,EN300-88453
4122,NC1(C(=O)O)CN2CCC1CC2,EN300-89872
4123,NC(CCc1c[nH]nc1C(F)(F)F)C(=O)O,EN300-6489689
4124,Nc1cc(C(=O)O)c(Br)cc1Cl,EN300-25093857
4125,C[C@H]1COc2c(C3(N)CC3)c(F)cc3c(=O)c(C(=O)O)cn1c23,EN300-6733488
4126,COc1cc(C(=O)O)c(F)cc1N,EN300-117734
4127,NC[C@@H]1C[C@H]1C(=O)O,EN300-7430761
4128,NC(Cc1ccccc1)(C(=O)O)c1ccccc1,EN300-58922
4129,COc1cc(C(=O)O)c(N)cc1F,EN300-130268
4130,CC1CCCC1(N)C(=O)O,EN300-1609247
4131,Nc1ccc(C(=O)O)cc1Cl,EN300-74254
4132,N[C@H]1CCCCCC[C@H]1C(=O)O,EN300-6489826
4133,N[C@@H](Cc1ccc2ccccc2c1)C(=O)O,EN300-199833
4134,CC(C)Oc1ccc(N)c(C(=O)O)c1,EN300-145742
4135,NCCC1(C(=O)O)CCCC1,EN300-36480543
4136,CO[C@H](C)[C@H](N)C(=O)O,EN300-312324
4137,NCC(CC1CCOCC1)C(=O)O,EN300-262791
4138,NC(C(=O)O)c1ccc2c(c1)OCCO2,EN300-10851459
4139,NC1(C(F)(F)F)CCC(C(=O)O)CC1,EN300-177508
4140,NC(CC(=O)O)c1ccc(Cl)s1,EN300-296011
4141,CCOc1ccc(Oc2ccc(C(=O)O)cc2N)cc1,EN300-7425418
4142,Nc1c(C(=O)O)sc2ncc(Br)cc12,EN300-3294228
4143,Nc1cc2ccccc2c(C(=O)O)n1,EN300-7426197
4144,Nc1cc(C(=O)O)c(F)c(F)c1F,EN300-384123
4145,CC(C)n1nc(C(=O)O)cc1N,EN300-245912
4146,N#Cc1ccc(C[C@@H](N)C(=O)O)cc1,EN300-761824
4147,C[C@H](F)[C@@H](N)C(=O)O,EN300-7542882
4148,COCC(C)CC(CN)C(=O)O,EN300-260133
4149,COc1cccc(C(N)CC(=O)O)c1OC,EN300-52711
4150,CC(N)(C(=O)O)C1CCOC1,EN300-45567872
4151,CCc1ccc(C(N)(CC)C(=O)O)cc1,EN300-7426759
4152,N#Cc1ccc(C[C@H](N)C(=O)O)cn1,EN300-6759789
4153,N[C@H](CC(F)F)C(=O)O,EN300-6733338
4154,CC(CC(N)C(=O)O)C(F)(F)F,EN300-6731248
4155,NC(CCC(=O)O)C(F)(F)F,EN300-295984
4156,Cc1c(N)cc(C(F)(F)F)cc1C(=O)O,EN300-27703371
4157,Nc1cc2c(cc1C(=O)O)CCCC2,EN300-192791
4158,N[C@H]1C[C@@]2(C(=O)O)C[C@@H]12,EN300-6733977
4159,N[C@@H](CC(=O)O)c1cccc(Cl)n1,EN300-342463
4160,Cc1nn(C)c(N)c1C(=O)O,EN300-37478004
4161,CCCC[C@@H](N)C(=O)O,EN300-199902
4162,Nc1nc2c(Br)ccc(C(=O)O)c2s1,EN300-6504982
4163,CC(C)(C)C(CN)CC(=O)O,EN300-134560
4164,N[C@@H]1C[C@H](C(=O)O)c2ccccc21,EN300-705906
4165,NC(C(=O)O)c1ccsc1,EN300-88018
4166,Cc1ccnc(C(=O)O)c1N,EN300-27707700
4167,N[C@H](CC1CCCCC1)C(=O)O,EN300-199910
4168,NCC(=O)NCC(=O)NCC(=O)O,EN300-176110
4169,COc1ccc(C(N)C(=O)O)cc1F,EN300-141981
4170,NC(CCc1c[nH]c2ccccc12)C(=O)O,EN300-7432104
4171,Nc1cc(C(=O)O)ccc1OC(F)(F)C(F)F,EN300-27158534
4172,NC(c1ccc(Br)cc1)C(O)C(=O)O,EN300-9407588
4173,Cc1ccc(C(CN)CC(=O)O)c(C)c1,EN300-1845799
4174,NCCCCCCC(=O)O,EN300-256667
4175,Nc1cc(F)ccc1-n1ccc(C(=O)O)n1,EN300-92654
4176,NC(Cc1nc[nH]n1)C(=O)O,EN300-6734802
4177,NC(Cc1cncs1)C(=O)O,EN300-365833
4178,NCCNC(=O)NCc1cccc(C(=O)O)c1,EN300-78132
4179,N[C@@H](CC(=O)O)Cc1ccccc1Br,EN300-7365700
4180,CS(=O)(=O)N1CCc2c(ccc(C(=O)O)c2N)C1,EN300-81585
4181,N[C@H](Cc1cccc(Cl)c1)C(=O)O,EN300-1297386
4182,CC1(C)C(c2ccccc2)CC1(N)C(=O)O,EN300-46824743
4183,COc1ccc(Br)cc1CC(N)C(=O)O,EN300-86103
4184,N[C@H]1CCC[C@@H](C(=O)O)C1,EN300-6489764
4185,NCCn1ncc2cc(C(=O)O)ccc21,EN300-37115156
4186,Nc1cc(Br)cc(Cl)c1C(=O)O,EN300-258679
4187,Nc1c(C(=O)O)cnn1C1CC1,EN300-207376
4188,NC(C(=O)O)C(c1ccc(F)cc1)c1ccc(F)cc1,EN300-201736
4189,C[C@](N)(C(=O)O)c1ccccc1,EN300-233340
4190,CCCCS(=O)(=O)NC[C@H](N)C(=O)O,EN300-27702797
4191,Cc1nc(N)sc1C(=O)O,EN300-92902
4192,Cc1noc(N)c1C(=O)O,EN300-14676
4193,N[C@H](CC(=O)O)c1cccc(Cl)c1,EN300-6737786
4194,Nc1cccc(CCCCC(=O)O)n1,EN300-37160780
4195,CCCOC[C@H](N)C(=O)O,EN300-51859881
4196,NC1CCOC(C(=O)O)C1,EN300-741819
4197,NC1CCC(F)(C(=O)O)C1,EN300-199772
4198,NC[C@H]1CC[C@@H](C(=O)O)O1,EN300-1073354
4199,NC(Cc1ccc(Cl)cc1)C(=O)O,EN300-207336
4200,Nc1nnc(C(=O)[O-])o1,EN300-1693705
4201,Nc1cc(Br)c(O)c(C(=O)O)c1,EN300-1724196
4202,NC(Cc1ccc([N+](=O)[O-])cc1)C(=O)O,EN300-136670
4203,CCC(N)COc1ccc(C(=O)O)cc1,EN300-7563455
4204,Nc1ccc(/C=C/C(=O)O)cn1,EN300-1698058
4205,CC(C)(N)C(C(=O)O)c1ccccc1,EN300-331474
4206,CC(N)C(C)C(=O)O,EN300-244794
4207,Nc1c(C(=O)O)cc(F)cc1[N+](=O)[O-],EN300-1608764
4208,CC(N)COCC(=O)O,EN300-7436255
4209,N[C@H]1CCCc2c(C(=O)O)cccc21,EN300-19928217
4210,Nc1ccc2cc(C(=O)O)oc2c1,EN300-6481130
4211,Nc1cc(C(=O)O)cc(C(F)(F)F)n1,EN300-732025
4212,NC12CCCC(C(=O)O)(C1)C2,EN300-22997746
4213,Nc1c(C(=O)O)cc2ccccc2c1[N+](=O)[O-],EN300-370874
4214,CC(C)(C)[C@@H](N)CC(=O)O,EN300-1666624
4215,NC(Cn1ccc(C(F)(F)F)n1)C(=O)O,EN300-131666
4216,Cn1nnc(CN)c1C(=O)O,EN300-1609228
4217,Nc1ccc(Br)c(F)c1C(=O)O,EN300-157653
4218,C[C@H](ON)C(=O)O,EN300-6495740
4219,NC(Cc1cc(O)ncn1)C(=O)O,EN300-6746522
4220,NC(Cc1coc2ccccc12)C(=O)O,EN300-333668
4221,COc1cc(C(=O)O)c(C)cc1N,EN300-22856297
4222,Nc1ccc(F)cc1C(=O)O,EN300-07028
4223,NCCCCC1(C(=O)O)CCC1,EN300-761357
4224,Nc1cc(F)c(C(=O)O)c(F)c1,EN300-92070
4225,Nc1ccc(O)c(C(=O)O)c1,EN300-18389
4226,Nc1ccc(C(F)(F)F)cc1C(=O)O,EN300-95834
4227,NCc1cc(C(=O)O)cs1,EN300-1608965
4228,NC(CCc1ccc(C(F)(F)F)cc1)C(=O)O,EN300-237956
4229,NC(Cc1cc2cc(Cl)ccc2[nH]1)C(=O)O,EN300-1965121
4230,NC(C(=O)O)c1ccc2c(c1)OCCO2,EN300-1838698
4231,Nc1ccc(OCCC(=O)O)cc1,EN300-75370
4232,NC(C(=O)O)c1ccc(OCC(F)F)cc1,EN300-1723935
4233,NC(CC(=O)O)c1ccc(F)cc1,EN300-05783
4234,N#Cc1cccc2[nH]cc(C[C@H](N)C(=O)O)c12,EN300-6495666
4235,Cc1cc(N)nn1CSCC(=O)O,EN300-92509
4236,CC1(C)CC1(N)C(=O)O,EN300-1605070
4237,Nc1ccc(C(=O)O)cc1[N+](=O)[O-],EN300-03925
4238,Nc1ccc2ccc(C(=O)O)cc2c1,EN300-124090
4239,Nc1cc(C(=O)O)cc(Cl)c1Cl,EN300-1265321
4240,Nc1cccc(Cl)c1C(=O)O,EN300-65916
4241,NCc1cc(C(=O)O)sc1Br,EN300-52441670
4242,C[C@H](CCF)[C@H](N)C(=O)O,EN300-52400006
4243,N[C@@H](C(=O)O)c1ccc(Br)cc1,EN300-7420758
4244,Cc1cnn(-c2ccc(C(=O)O)cc2)c1N,EN300-31297114
4245,NCCc1ncc(C(=O)O)s1,EN300-52428459
4246,N[C@@H](Cc1c[nH]c2cccc(F)c12)C(=O)O,EN300-52400139
4247,CC(N)(CC(=O)O)c1ncc(Br)cn1,EN300-52400623
4248,COc1c(Br)ccc(C(=O)O)c1N,EN300-52401573
4249,NC(Cc1cc(Br)cc(F)c1O)C(=O)O,EN300-52401948
4250,NC1CCCC1Oc1cccc(C(=O)O)c1,EN300-52413634
4251,Nc1ncc(C(=O)O)c2c1CCCC2,EN300-52426360
4252,NC(C(=O)O)C1C2CCC1C2,EN300-52427594
4253,NCC1(C(=O)O)CCOC1,EN300-52420257
4254,Nc1cnc(-c2ccc(C(=O)O)cc2)nc1,EN300-52373353
4255,N[C@@H]1C[C@@H]2C[C@H](C(=O)O)C[C@@H]2C1,EN300-52386988
4256,NC(C(=O)O)c1cc(I)ccc1F,EN300-8152513
4257,N[C@@H](Cc1c[nH]c2cccc(F)c12)C(=O)O,EN300-11690366
4258,C[C@H](NC(=O)[C@@H](N)Cc1c[nH]cn1)C(=O)O,EN300-24870703
4259,Nc1[nH]nnc1C(=O)O,EN300-118895
4260,N[C@H](Cc1c[nH]c2c(F)cccc12)C(=O)O,EN300-52443486
4261,NC(C(=O)[O-])c1ccc2cc[nH]c2c1,EN300-52443655
4262,CC(N)(CC(=O)O)C1CC1,EN300-52415401
4263,N[C@@H](Cc1c[nH]c2c(F)cccc12)C(=O)O,EN300-52434732
4264,N[C@H](Cc1c[nH]c2cccc(F)c12)C(=O)O,EN300-52430027
4265,Cc1ccc(-c2nsc(C(=O)O)c2N)cc1,EN300-10562552
4266,NC(C(=O)O)c1ccccc1OC(F)(F)F,EN300-66399
4267,NC1C2CCCC2C1C(=O)O,EN300-7431550
4268,NC(Cc1ccc2oc(=O)[nH]c2c1)C(=O)O,EN300-12702616
4269,Cc1sc(N)c(C(=O)O)c1C,EN300-65123
4270,COc1ccc(C)c(C(=O)O)c1N,EN300-65837
4271,NC(C(=O)O)c1cc(F)ccc1F,EN300-65628
4272,Cc1cc(Br)cc(C(=O)O)c1N,EN300-65908
4273,CC1(C)C(C)(C)C1(N)C(=O)O,EN300-52689531
4274,CC(N)(CF)C(=O)O,EN300-24496486
4275,Nc1c(F)c(F)c(C(=O)O)c(F)c1F,EN300-7410230
4276,N#Cc1c(N)cccc1C(=O)O,EN300-25985311
4277,NC1C2CCC(O2)C1C(=O)O,EN300-1699598
4278,CC(N)(CSCc1ccccc1)C(=O)O,EN300-52729821
4279,NC[C@]1(C(=O)[O-])[C@@H]2CCC[C@@H]21,EN300-52759820
4280,Nc1cc(Br)cc(C(=O)O)c1,EN300-100547
4281,Nc1cc(C(=O)O)ccc1OCC(F)(F)F,EN300-72248
4282,N[C@@H](CCCCNC(=O)OCc1ccccc1)C(=O)O,EN300-302796
4283,NC(CCc1ccc(F)cc1)C(=O)O,EN300-202753
4284,NC(Cc1ccc(Cl)c(Cl)c1)C(=O)O,EN300-196829
4285,NC(CC(=O)O)Cc1cc(F)c(F)cc1F,EN300-253655
4287,CC(C)(C)c1cccc(C(=O)O)c1N,EN300-134324
4288,Nc1c(Cl)ccc(C(=O)O)c1Cl,EN300-187521
4289,CC(C)(C)CC(O)C(N)C(=O)O,EN300-222052
4290,Nc1ccn(Cc2ccc(C(=O)O)o2)n1,EN300-255485
4291,NC(CCC(F)(F)F)C(=O)O,EN300-128643
4292,Nc1c(Cl)ccc(Cl)c1C(=O)O,EN300-100565
4293,Cc1cccc(C[C@@H](N)C(=O)O)c1,EN300-199890
4294,Nc1cc(C(=O)O)c(Br)cn1,EN300-105307
4295,Nc1ccc(Br)c(C(=O)O)c1,EN300-110048
4296,CC(C(=O)O)n1cnc2c(N)ncnc21,EN300-251481
4297,CC(C)(C)OC[C@H](N)C(=O)O,EN300-142845
4298,Nc1ccc(CCC(=O)O)cc1,EN300-65654
4299,COc1cc(N)c(C(=O)O)c(OC)c1,EN300-74935
4300,NCC(Cc1ccccc1Cl)C(=O)O,EN300-71639
4301,Nc1cc(C(=O)O)ccc1Br,EN300-120264
4302,NCc1cc(C(=O)O)ccc1F,EN300-131118
4303,NCCc1nc(CC(=O)O)cs1,EN300-69975
4304,CC(C)CC(N)(C(=O)O)C(F)(F)F,EN300-90132
4305,CN(C(=O)c1ccccc1N)c1ccccc1C(=O)O,EN300-109354
4306,NCC(Cc1cccs1)C(=O)O,EN300-119828
4307,CCc1cccc(C(=O)O)c1N,EN300-177732
4308,Nc1cnn(Cc2ccc(C(=O)O)s2)c1,EN300-232300
4309,Nc1ccc(N2CCCC2)cc1C(=O)O,EN300-71649
4310,Cc1ccc(-c2nc(N)sc2CC(=O)O)cc1C,EN300-14763
4311,NC(C(=O)O)c1cccc(O)c1,EN300-120254
4312,CCOC(Cn1ncc(C(=O)O)c1N)OCC,EN300-196688
4313,Nc1ccc(-n2ccc(C(=O)O)n2)c(F)c1,EN300-232836
4314,NCCC(Cc1ccccc1)C(=O)O,EN300-157608
4315,Nc1nc(C(=O)O)c(-c2ccccc2)s1,EN300-186592
4316,Cc1ccc(OCc2ccc(C(=O)O)o2)c(N)c1,EN300-92430
4317,NC(CC(=O)O)c1ccc2ccccc2c1,EN300-137597
4318,Nc1cc(C(=O)O)ccc1OC(F)(F)F,EN300-139652
4319,Nc1nc2c(s1)CCCC2C(=O)O,EN300-223030
4320,Cn1nc(N)c(Cl)c1C(=O)O,EN300-92340
4321,CC(C)(C)OC(=O)N[C@H](CCC(N)=O)C(=O)O,EN300-250374
4322,Cc1cccc(C(N)CC(=O)O)c1,EN300-31538
4323,NC1(c2nc(C(=O)O)c[nH]2)CCCCC1,EN300-32023
4324,NC(C(=O)O)C1CCCC1,EN300-145270
4325,COc1cccc2c1CCC2(N)C(=O)O,EN300-215788
4326,NC(CC(=O)O)c1cccc(Cl)c1,EN300-52901
4327,NC(CN1CCCc2ccccc21)C(=O)O,EN300-152743
4328,Cc1c(Br)ccc(N)c1C(=O)O,EN300-154989
4329,CN(C)c1nc(N)nc(C(=O)O)n1,EN300-213699
4330,Cc1cc(N)n(-c2ccc(C(=O)O)cc2)n1,EN300-230851
4331,Cn1cc(CC(CN)C(=O)O)cn1,EN300-125497
4332,NC(Cc1c[nH]c2ncncc12)C(=O)O,EN300-200551
4333,NC(CSCc1cccc2ccccc12)C(=O)O,EN300-99668
4334,Nc1c(Cl)cc(C(=O)O)cc1Cl,EN300-110291
4335,N[C@@H](C(=O)O)C1CC1,EN300-101594
4336,N[C@@H](Cc1ccc([N+](=O)[O-])cc1)C(=O)O,EN300-118973
4337,Nc1c(Cl)cc(Cl)cc1C(=O)O,EN300-16828
4338,NC(CCOC(F)(F)F)C(=O)O,EN300-177262
4339,CC(C)n1ncc(C(=O)O)c1N,EN300-121046
4340,CC(=O)NCSC[C@H](N)C(=O)O,EN300-302431
4341,CC(C)(C)OC(=O)N[C@H](CCCNC(=N)N)C(=O)O,EN300-302868
4342,N[C@@H](Cc1ccc2c(c1)CCC2)C(=O)O,EN300-1272351
4343,C=C(Cl)C[C@H](N)C(=O)O,EN300-332440
4344,N[C@@H](Cc1c[nH]c2ccccc12)C(=O)O,EN300-52634
4345,N[C@@H](CCC(=O)OCc1ccccc1)C(=O)O,EN300-217700
4346,NC1Cc2ccc(C(=O)O)cc2C1,EN300-736816
4347,Cc1sc(C(C)N)nc1C(=O)O,EN300-741651
4348,CC(N)c1ccc(CC(=O)O)cc1,EN300-332833
4349,NC(Cc1ccc[nH]1)C(=O)O,EN300-318200
4351,Nc1c(C(=O)O)sc2c(Br)cccc12,EN300-344437
4352,N[C@@H](CC(=O)O)c1ccccc1,EN300-70756
4353,Nc1c(Br)cncc1C(=O)O,EN300-125399
4354,NCC(C(=O)O)C1C2CC3CC(C2)CC1C3,EN300-761467
4355,Cc1cc(N)n(-c2ccc(C(=O)O)cc2)n1,EN300-762713
4356,NC(CC1CCCCC1)C(O)C(=O)O,EN300-202343
4357,Cc1cc(N)ncc1C(=O)O,EN300-97676
4358,COc1cc(C(=O)O)cc([N+](=O)[O-])c1N,EN300-1588082
4359,NCCCn1ccc2cc(C(=O)O)ccc21,EN300-1724708
4360,CCOc1cc(C(N)CC(=O)O)ccc1OC,EN300-1843279
4361,CC(=O)c1cc(C(N)C(=O)O)ccc1O,EN300-7436155
4362,N[C@@H](CC1CCC1)C(=O)O,EN300-7457226
4363,NC(Cc1c[nH]c2cc(F)ccc12)C(=O)O,EN300-99675
4364,CO[C@]1(CN)C[C@H](C(=O)O)C1,EN300-6490494
4365,NC(Cc1cscc1C(F)(F)F)C(=O)O,EN300-6745858
4366,N#Cc1cc(CC(N)C(=O)O)cs1,EN300-7352954
4367,CCC(C)C(N)c1cccc(C(=O)O)c1,EN300-7427762
4368,CC(C)(C(=O)O)C(N)C1CC1,EN300-7459328
4369,CC(CC(=O)O)SCCN,EN300-267034
4370,Nc1ccnc(C(=O)O)c1Cl,EN300-6490805
4372,NCCN1CCC(C(=O)O)CC1,EN300-7354803
4373,CO[C@H]1C[C@](N)(C(=O)O)C1,EN300-1702653
4374,C[C@]1(C(=O)O)CC[C@@H](CN)CC1,EN300-46824557
4375,NC1(C(=O)O)CC(CO)C1,EN300-1609239
4376,Cn1nc(CN)c(Br)c1C(=O)O,EN300-817868
4377,NCc1cc(F)ccc1C(=O)O,EN300-46435723
4378,Cc1cc(F)c(N)c(C(=O)O)c1,EN300-65907
4379,NC(Cc1c(F)cnc(Br)c1F)C(=O)O,EN300-7442375
4380,NC1(C(=O)O)CCN(Cc2ccccc2)CC1,EN300-7444825
4381,Nc1cccc(C2(C(=O)O)CC2)c1,EN300-6497837
4382,CCn1cncc1CC(CN)C(=O)O,EN300-37327627
4383,CC1=C(C(=O)O)N2C(=O)[C@@H](NC(=O)[C@H](N)C3=CCC=CC3)[C@H]2SC1,EN300-6479201
4384,Nc1c(C(=O)O)ccnc1O,EN300-180615
4385,COc1cc(Cl)ccc1CC(N)C(=O)O,EN300-1985970
4386,COc1ccc(C[C@@H](N)CC(=O)O)cc1,EN300-19074712
4387,NC1CC(C(=O)O)(c2ccccc2F)C1,EN300-37432147
4388,Cc1nc(CN)ncc1C(=O)O,EN300-27101533
4389,Nc1c(C(=O)O)nnc2ccccc12,EN300-7494140
4390,NC(C(=O)O)C(O)c1ccc2ccccc2c1,EN300-37443097
4391,C[C@@H](N)C(=O)O[C@H](C)C(=O)O,EN300-26682649
4392,CC(C)(C)C(N)CCCC(=O)O,EN300-27696019
4393,Cc1ccc2c(c1)[C@@H](N)[C@@H](C(=O)O)C2,EN300-37152240
4394,NCC1(CC(=O)O)CCCCC1,EN300-52516
4395,Nc1ccc(S(=O)(=O)N2CCCC(C(=O)O)C2)cc1,EN300-56854
4396,CC(N)CSc1cccc(C(=O)O)c1,EN300-7544074
4397,CC[C@H](N)C(C)(C)C(=O)O,EN300-7539061
4398,NC1(C(=O)O)C2CCCC1CCC2,EN300-26967412
4399,Cn1c(N)nc2cc(C(=O)O)cc(Br)c21,EN300-26624183
4400,Nc1c(Cl)cnc(C(=O)O)c1Cl,EN300-6488893
4401,Nc1nccc(C(=O)O)c1[N+](=O)[O-],EN300-188209
4402,NC(Cc1cncc(Br)c1)C(=O)O,EN300-6512874
4403,Nc1nnnn1-c1cccc(C(=O)O)c1,EN300-306683
4404,NCC(CC(=O)O)C1CCCCC1,EN300-333434
4405,CC(C)(N)COc1cccc(C(=O)O)n1,EN300-37475731
4406,C=CC[C@@H](N)CC(=O)O,EN300-7390083
4407,NC(CCc1cccs1)C(=O)O,EN300-204344
4408,Cc1cc(Br)c(N)cc1C(=O)O,EN300-181135
4409,CC1(C)CCCC(N)(C(=O)O)C1,EN300-305614
4410,Nc1ncc2c(c1C(=O)O)CCC2,EN300-225660
4411,Nc1cc2c(c(C(=O)O)c1)OCCO2,EN300-100578
4412,NC(CC(=O)O)c1ccc(C(F)(F)F)cc1,EN300-127445
4413,CC(C)(Sc1nnc(N)s1)C(=O)[O-],EN300-27782132
4414,Nc1cc(F)c(OC2CCCCC2)cc1C(=O)O,EN300-84076
4415,NC(C(=O)O)c1c(F)ccc([N+](=O)[O-])c1F,EN300-27692338
4416,Nc1ccn2nc(C(=O)O)cc2c1,EN300-247912
4417,Nc1cc(C(=O)O)ccc1C1CC1,EN300-39667438
4418,COc1c(C)cc(C(=O)O)cc1N,EN300-4702443
4419,Nc1n[nH]c(Br)c1C(=O)O,EN300-248293
4420,NCC1CC2(CCC(C(=O)O)CC2)C1,EN300-28243837
4421,Nc1ncc(C(=O)O)nc1Br,EN300-314569
4422,Nc1cc(C(=O)O)ccc1OCc1ccccc1,EN300-148788
4423,NC1CC=C(C(=O)O)CC1,EN300-27147519
4424,NC(CCCOCc1ccccc1)C(=O)O,EN300-27738645
4425,N[C@H](C(=O)O)C(F)(F)c1ccccc1,EN300-10006302
4426,N[C@H](Cc1ccc(F)cc1F)C(=O)O,EN300-19166752
4427,NC(C(=O)O)c1cc(F)cc(C(F)(F)F)c1,EN300-27160444
4428,Cc1cccc2[nH]cc(CC(N)C(=O)O)c12,EN300-369975
4429,COc1ccccc1C(N)(C(=O)O)C(F)(F)F,EN300-128063
4430,NC(Cc1ccc(Br)cc1[N+](=O)[O-])C(=O)O,EN300-22148735
4431,CC(N)(C(=O)O)c1ccccc1,EN300-49789
4432,Nc1c(C(=O)O)nc2cccc(Br)n12,EN300-45482412
4433,N[C@@H](CC1CCOCC1)C(=O)O,EN300-7362999
4434,NC1CCC[C@]2(C1)C[C@H](C(=O)O)C2,EN300-46605719
4435,CC1(C)COCC1(N)C(=O)O,EN300-45382024
4436,Cc1c(CC(=O)O)c(=O)oc2cc(N)ccc12,EN300-7412542
4437,N[C@@H](Cc1ccc(O)c(Cl)c1)C(=O)O,EN300-5190109
4438,NCCCc1nc(C(=O)O)c[nH]1,EN300-45481769
4439,NC(C(=O)O)C1CCCC12CC2,EN300-45605131
4440,NC(CCc1c(Cl)cccc1Cl)C(=O)O,EN300-45422883
4441,NC[C@@H](O)c1ccc(C(=O)O)cc1,EN300-45188877
4442,NCCn1ccc(C(=O)O)c1,EN300-45639329
4443,Nc1nc(C(=O)O)nc2ccccc12,EN300-2662065
4444,NC1(C(=O)O)CCC2(CCCO2)CC1,EN300-46821316
4445,NC1(C(=O)O)CC2(CC3(CC(F)(F)C3)C2)C1,EN300-26981472
4446,N[C@H](C(=O)O)c1ccc(Cl)c(F)c1,EN300-46878532
4447,Nc1cc(Br)cc(OCC(=O)O)c1,EN300-5174157
4448,COC[C@@H](N)CC(C)(C)C(=O)O,EN300-45214830
4449,N[C@H](C(=O)O)c1cccc(F)c1,EN300-8161255
4450,Nc1cc(OC(F)(F)F)ccc1C(=O)O,EN300-75118
4451,N[C@H]1C[C@@](C(=O)O)(c2ccccc2OC(F)F)C1,EN300-43381968
4452,NCCc1cncc(C(=O)O)c1,EN300-45743365
4453,CNC(=O)c1cc(N)cc(C(=O)O)c1,EN300-1672775
4454,CC(C)[C@H](N)C(=O)N1CCC[C@H]1C(=O)O,EN300-6501429
4455,NC1CC(C(=O)O)(c2ccccc2OC(F)(F)F)C1,EN300-43357064
4456,NCc1cc(F)c(C(=O)O)cc1F,EN300-6736384
4457,N[C@@H]1CCc2c(C(=O)O)cccc21,EN300-33395639
4458,Cc1cccc(Br)c1C(N)C(=O)O,EN300-39873636
4459,NC(Cc1csc([N+](=O)[O-])c1)C(=O)O,EN300-6763766
4460,NC(CNS(=O)(=O)c1cscc1F)C(=O)O,EN300-7433302
4461,NC1(C(=O)O)Cc2ccc(Br)cc2C1,EN300-6735658
4462,Nc1cc(C(=O)O)cc(C(F)(F)F)c1,EN300-52979
4463,NC(Cc1cc(Cl)ccn1)C(=O)O,EN300-7435526
4464,CC(O)C(N)Cc1ccc(F)c(C(=O)O)c1,EN300-7493826
4465,CC(C)(CN)CCC(=O)O,EN300-7713411
4466,N[C@H](CC1CCCC1)C(=O)O,EN300-52463625
4467,NCCCc1ncc(C(=O)O)s1,EN300-52487559
4468,NC(Cc1nnn[nH]1)C(=O)O,EN300-51868633
4469,CC(C)(CC(=O)O)[C@H]1C[C@H](N)C1,EN300-52463653
4470,NC(CCC(=O)O)c1ccc(Cl)cc1,EN300-52467320
4471,N[C@H]1[C@@H]2CC[C@@H](C2)[C@@H]1C(=O)O,EN300-52138363
4472,CCOc1cc(C(=O)O)ccc1N,EN300-8779438
4473,Cn1ccc(CC(N)C(=O)O)n1,EN300-18477766
4474,Nc1ccn2nc(C(=O)O)cc2c1,EN300-52387404
4475,NC1(c2cccc(C(=O)O)c2)CC1,EN300-52481403
4476,NC1(C(=O)O)C[C@H]2CCCC[C@H]2C1,EN300-52481749
4477,NC(Cc1cccc(CO)c1)C(=O)O,EN300-52482802
4478,CC(N)COc1cncc(C(=O)O)n1,EN300-52484366
4479,Nc1ccc(-c2cccc(C(=O)O)c2)cc1,EN300-170957
4480,NC1CC2CC1(C(=O)O)C2,EN300-39868331
4481,CC(N)(CC(=O)O)c1ncccn1,EN300-52430496
4482,N[C@H]1CC[C@H](C(=O)O)C1,EN300-7385271
4483,NC(Cc1csc(Cl)n1)C(=O)O,EN300-33038478
4484,NC1CC2C(C1)C2C(=O)O,EN300-27188206
4485,C[C@@H](N)c1ccc(-c2scnc2C(=O)O)cc1,EN300-51686513
4486,CC(C)(N)c1ncc(C(=O)O)cn1,EN300-51666865
4487,N[C@]1(C(=O)O)C[C@H](OCc2ccccc2)C1,EN300-51812942
4488,NCCCC1(C(=O)O)CC1(F)F,EN300-51780445
4489,NCCN1C(=O)N[C@H]2CS[C@@H](CCCCC(=O)O)[C@H]21,EN300-51692405
4490,NC(CF)(Cc1ccc(O)cc1)C(=O)O,EN300-27702769
4491,CC(C)(CC(=O)O)Nc1ccc(-c2ccc(C(N)=O)o2)cc1,EN300-26954402
4492,NCc1cc(C(=O)O)cnc1O,EN300-52568911
4493,NC(C(=O)O)C12CCC(C1)C2,EN300-37443539
4494,NC(Cc1cn(-c2ccccc2)nn1)C(=O)O,EN300-128248
4495,COc1c(F)cc(Br)cc1CC(N)C(=O)O,EN300-52521018
4496,Nc1ccc(C(=O)O)c2c1OCO2,EN300-52395458
4497,Cc1cccc(-n2nnc(C(=O)O)c2N)c1,EN300-11685506
4498,N[C@H]1C[C@H](Cn2cc(C(=O)O)nn2)C1,EN300-39667443
4499,NCCCn1cc(COCCC(=O)O)nn1,EN300-28305157
4500,COc1ccc(-c2cnn3c(N)c(C(=O)O)cnc23)cc1,EN300-48747309
4501,CC(C)(N)[C@@H]1C[C@H]1C(=O)O,EN300-52724688
4502,NC[C@@H]1[C@H](C(=O)O)[C@H]1C(F)(F)F,EN300-52681375
4503,CC(C)C[C@H](N)C(=O)O,EN300-52627
4504,CC(C)C[C@@H](N)C(=O)O,EN300-56092
4505,Nc1ccc(-c2ccc(C(=O)O)cc2)cc1,EN300-7372726
4506,NC(CCSCCO)C(=O)O,EN300-7243417
4507,NC1(C(=O)O)CC(CF)C1,EN300-52537121
4508,CC(C)C[C@H](N)C(=O)O,EN300-7645743
4509,NC1CC2(CCC(C(=O)O)C2)C1,EN300-52546608
4510,N[C@@H](CCc1cncnc1)C(=O)O,EN300-52534400
4511,N[C@H](Cc1nccs1)C(=O)O,EN300-52554899
4512,NCc1cnc(C(=O)O)c(F)c1,EN300-52537079
4513,C=Cc1cccc(/N=N/c2ccc(C[C@H](N)C(=O)O)cc2)c1,EN300-37455357
4514,Nc1cc(C(=O)O)nn2ccnc12,EN300-52560996
4515,CC(C)(CC(=O)O)[C@H]1C[C@@H](N)C1,EN300-52703467
4516,Cc1c(C(=O)O)nnn1CCN,EN300-46530446
4517,Nc1nc(-c2ccc(C(=O)O)cc2)no1,EN300-45761576
4518,Cc1nc(C(=O)O)ccc1N,EN300-46414954
4519,Nc1ccnc(F)c1C(=O)O,EN300-6480842
4520,CCOCCC(N)C(=O)O,EN300-345449
4521,Nc1cnc(Cl)cc1C(=O)O,EN300-113519
4522,CSc1ncc(N)c(C(=O)O)n1,EN300-122813
4523,CC(C)C[C@H](N)C(=O)N[C@@H](CO)C(=O)O,EN300-220813
4524,CCOc1cc(N)c(C(=O)O)cc1OCC,EN300-57159
4525,N[C@@H](CCCCNS(=O)(=O)c1ccccc1[N+](=O)[O-])C(=O)O,EN300-1168949
4526,NC(C(=O)O)(c1cccc(F)c1)C(F)(F)F,EN300-123528
4527,NC[C@H]1C[C@H]1C(=O)O,EN300-761514
4528,CS(=O)(=O)C1(C(=O)O)CC(N)C1,EN300-37026270
4529,NCCCOCC(=O)O,EN300-1700498
4530,CCc1nc(CN)ccc1C(=O)O,EN300-130306
4531,Cc1c(N)ccc(C(=O)O)c1C,EN300-205973
4532,CC(N)(Cn1cccn1)C(=O)O,EN300-746993
4533,N#Cc1cc(C(=O)O)c(N)cc1Cl,EN300-345239
4534,NC(C(=O)O)c1ccc(Cl)c(F)c1,EN300-122763
4535,COc1ccc(C(N)CC(=O)O)cc1OC,EN300-05376
4536,N[C@@](CO)(Cc1ccc(O)cc1)C(=O)O,EN300-156340
4537,N[C@@H](Cc1c[nH]c2cc(F)ccc12)C(=O)O,EN300-23705777
4538,CC[C@@H]1CCC[C@@]1(N)C(=O)O,EN300-51694884
4539,Nc1nc2nccc(C(=O)O)c2s1,EN300-52561163
4540,N[C@H](CC1CC(F)C1)C(=O)O,EN300-52561863
4541,NC(C(=O)O)c1ccc(I)c(F)c1,EN300-8154915
4542,Nc1cc(C(=O)O)cc(-c2nc[nH]n2)c1,EN300-51737320
4543,NCc1sc(Br)cc1C(=O)O,EN300-52562722
4544,COC1(C(F)(F)F)CC(N)(C(=O)O)C1,EN300-7468812
4545,C[C@@H](CCF)[C@H](N)C(=O)O,EN300-52286668
4546,NC1C2CCC1CC(C(=O)O)C2,EN300-27747071
4547,NC(C(=O)O)C(C(F)(F)F)C(F)(F)F,EN300-10012760
4548,NC1CCc2c(C(=O)O)cccc21,EN300-26861146
4549,NC1C2CCCCCCC2C1C(=O)O,EN300-27148860
4550,Nc1cc(F)c(F)c(C(=O)O)c1F,EN300-7366602
4551,NCC(CC(=O)O)c1cccc2c1OCCO2,EN300-52488852
4552,NCC(C(=O)O)C(F)(F)F,EN300-22051853
4553,Cc1cc(C(N)C(=O)O)cc(C)c1O,EN300-52487200
4554,Nc1cncc(C(=O)O)c1Cl,EN300-6233997
4555,N[C@H]1C[C@@H]2C[C@@H](C(=O)O)C[C@@H]21,EN300-52535567
4556,NC(Cc1ccc2c(c1)OCO2)C(=O)O,EN300-26358178
4557,CC(C)CC(N)C(=O)O,EN300-18048
4558,Nc1ccc([C@@H]2C[C@H]2C(=O)O)cc1,EN300-52577730
4559,N[C@H](CC(=O)O)c1ccc(I)cc1,EN300-52580525
4560,Nc1c(Cl)cc(I)cc1C(=O)O,EN300-7420619
4561,NC(C(=O)O)c1c(F)cccc1F,EN300-26296753
4562,C[C@@H](N)COc1cccc(C(=O)O)c1,EN300-52212080
4563,Nc1nc(C(=O)[O-])no1,EN300-52510316
4564,Cn1cnc([C@@H](N)CC(=O)O)c1,EN300-52582202
4565,N[C@@H](Cc1nccs1)C(=O)O,EN300-52596414
4566,N[C@@H](CCOc1ccccc1)C(=O)O,EN300-52600425
4567,CC(C)(NC(=O)CC[C@H](N)C(=O)O)C1CC1,EN300-52700841
4568,N[C@H](CCC(=O)O)C1CC1,EN300-52601347
4569,NCc1ccc(C(=O)O)c(F)c1,EN300-52589077
4570,COc1ccc([C@@H](N)CC(=O)O)cc1Cl,EN300-52591446
4571,Nc1ccnn1-c1ccc(C(=O)O)cc1,EN300-28851474
4572,NC[C@H](O)CC(=O)O,EN300-52005562
4573,CC[C@H](CN)C(=O)O,EN300-7617227
4574,NC(CC(=O)[O-])c1ccc2cc[nH]c2c1,EN300-52539106
4575,Nc1ccc(C(=O)O)c(O)n1,EN300-2906379
4576,NCc1[nH]nnc1C(=O)O,EN300-52603356
4577,NC(Cn1cc(I)cn1)C(=O)O,EN300-51815202
4578,NCCCCc1ncc(C(=O)O)s1,EN300-52652927
4579,C=CCOc1ccc(C[C@H](N)C(=O)O)cc1,EN300-25073238
4580,Nc1cc([N+](=O)[O-])c(Br)cc1C(=O)O,EN300-206992
4581,NOC(F)C(=O)O,EN300-52583803
4582,NC(C[N+](=O)[O-])C(=O)O,EN300-6234050
4583,Nc1ccnn1-c1ccc(C(=O)O)cc1,EN300-52655531
4584,NC[C@H]1C[C@@H](C(=O)O)C1,EN300-22133760
4585,NC[C@]1(C(=O)O)[C@@H]2COC[C@@H]21,EN300-52703256
4586,CC(N)(CSc1ccccc1)C(=O)O,EN300-4197468
4587,NC(CC1CNC(=O)NC1=O)C(=O)O,EN300-45411799
4588,CCn1cc(N)c(C(=O)O)n1,EN300-7463558
4589,Nc1nc2[nH]cc(CCc3ccc(C(=O)O)cc3)c2c(=O)[nH]1,EN300-98763
4590,CC1(C)[C@@H](O)C[C@]1(N)C(=O)O,EN300-26573345
4591,CC(C)C(C)C(N)C(=O)O,EN300-7714051
4592,Nc1cc(C(=O)O)nc(O)c1Cl,EN300-1706108
4593,Cc1ccc(OCCN)cc1C(=O)O,EN300-7549881
4594,Nc1c(-c2ccccc2)nsc1C(=O)O,EN300-85931
4595,COC(=O)CC[C@H](N)C(=O)O,EN300-127455
4596,COc1cccc(CC(N)C(=O)O)c1O,EN300-37455016
4597,NC(Cc1ccc(Cl)cn1)C(=O)O,EN300-6745381
4598,Nc1cc(C(F)(F)F)ccc1C(=O)O,EN300-08036
4599,NC1(C(=O)O)CCN(Cc2ccccc2)CC1,EN300-128002
4600,Cc1cc(OCC(=O)O)cc(C)c1N,EN300-46792712
4601,NCCC(C(=O)O)C1CC1,EN300-46626515
4602,Nc1ccnc(C(=O)O)n1,EN300-131554
4603,Nc1ccc(-n2cc(C(=O)O)nn2)cc1,EN300-144509
4604,Nc1nc2cc(CC(=O)O)ccc2o1,EN300-7415762
4605,C[C@H](N)C(=O)NCC(=O)O,EN300-2991818
4606,N[C@@H](Cc1ccccc1)C(=O)N1CCC[C@H]1C(=O)O,EN300-22842660
4607,CC(C)[C@@H](O)[C@@H](N)C(=O)O,EN300-7062899
4608,NC(CCCCNC(=O)c1ccccc1)C(=O)O,EN300-28319357
4609,Nc1ccc2ncc(C(=O)O)n2c1,EN300-7564296
4610,CC(C)C(C)[C@@H](N)CC(=O)O,EN300-52663349
4611,Cc1ccc(Cl)c(N)c1C(=O)O,EN300-102253
4612,NC1COc2c(cccc2C(=O)O)C1,EN300-52748882
4613,Nc1cc(F)c(C(=O)O)cn1,EN300-52727382
4614,Nc1cccc(-c2nc[nH]c2C(=O)O)c1,EN300-52727471
4615,N[C@@H]1CCC[C@H](C(=O)O)C1,EN300-6478965
4616,Nc1nn(C2CCCC2)cc1C(=O)O,EN300-233056
4617,NC(Cc1ccccc1C(F)(F)F)C(=O)O,EN300-12703646
4618,NC(CCC(F)(F)F)C(=O)O,EN300-128644
4619,NCc1ccc(C(=O)O)cc1,EN300-16697
4620,NC1CCCCC1(F)C(=O)O,EN300-52754307
4621,Nc1nc(C(=O)O)ccc1Br,EN300-142189
4622,Nc1ncc(C(=O)O)o1,EN300-150226
4623,NC(C(=O)O)c1cccs1,EN300-100775
4624,Nc1ccc(Cl)c(OCC(=O)O)c1,EN300-52825516
4625,Cc1ccc(C(=O)O)c([N+](=O)[O-])c1N,EN300-2807429
4626,Nc1nc2cc(C(=O)O)ccc2[nH]1,EN300-181552
4627,N[C@@H]1C[C@@H]2[C@H](C1)[C@H]2C(=O)O,EN300-52764204
4628,NCc1cc2cc(C(=O)O)cc(Br)c2o1,EN300-52769951
4629,NC[C@@]12CCCC[C@]1(C(=O)O)C2,EN300-52842681
4630,N[C@@H](Cc1cc[nH]c1)C(=O)O,EN300-2995378
4631,Nc1cc(F)c(Cl)c(C(=O)O)c1,EN300-52210232
4632,NC(C(=O)O)c1cccnc1O,EN300-52819302
4633,Cn1nccc1[C@@H](N)CC(=O)O,EN300-52575940
4634,NC(CCN1CCSCC1)C(=O)O,EN300-52815370
4635,CC[C@@H](CN)C(=O)O,EN300-7617228
4636,COc1c(N)cccc1C(=O)O,EN300-250368
4637,Cc1cc(C(=O)O)c(N)s1,EN300-39267
4638,NC1(C(=O)O)CCCC(n2cnc3c2CCCC3)C1,EN300-52415419
4639,CS(=O)(=O)CCCC(N)C(=O)O,EN300-52805499
4640,CCC(CC)[C@@H](N)CC(=O)O,EN300-52818198
4641,Nc1ccc(C(=O)O)cc1OC1CC1,EN300-52811527
4642,NC[C@H]1CC[C@@H](C(=O)O)CC1,EN300-7852437
4643,Cc1cn(CC(=O)O)nc1N,EN300-155206
4644,Nc1cc(Cl)c(OC(F)(F)F)cc1C(=O)O,EN300-12023934
4645,NC(CCc1ccccc1)C(O)C(=O)O,EN300-9514778
4646,CCSCC(C)(N)CC(=O)O,EN300-52863868
4647,Nc1cc(O)cc(C(=O)O)c1Cl,EN300-1723716
4648,Nc1cc(Br)cc(Br)c1C(=O)O,EN300-7408103
4649,Nc1ccc(C2CCCC2C(=O)O)cc1,EN300-45381385
4650,C[C@H](C(=O)O)[C@@H](C)N,EN300-7606083
4651,CS(=O)(=O)c1cccc(C[C@H](N)C(=O)O)c1,EN300-6732824
4652,N[C@H](Cc1cccc(Cl)c1F)C(=O)O,EN300-52795793
4653,NCc1nc(CC(=O)O)cs1,EN300-365751
4654,NCc1c[nH]c2cncc(C(=O)O)c12,EN300-52797577
4655,NC(C(=O)O)c1ccc(Oc2cccc(Br)c2)cc1,EN300-385756
4656,NC(C(=O)O)c1cccs1,EN300-6738571
4657,Nc1cn(CC(F)(F)F)nc1C(=O)O,EN300-7538543
4658,NC(Cc1ccccc1Cl)C(=O)O,EN300-263430
4659,COc1cc(CC(=O)O)ccc1N,EN300-7537125
4660,N#Cc1cc(C(=O)O)cnc1N,EN300-19578535
4661,CC(C)C(C(C)C)C(N)C(=O)O,EN300-207490
4662,Nc1nn(-c2cccnc2)cc1C(=O)O,EN300-26981106
4663,NC1(CC(=O)O)CCC1,EN300-97336
4664,N[C@H](Cn1ccnn1)C(=O)O,EN300-7465351
4665,CC(C)[C@@H](N)C(=O)N[C@H](C)C(=O)O,EN300-884741
4666,Nc1ccc(-c2nnn(CC(=O)O)n2)cc1,EN300-23688454
4667,Nc1cscc1C(=O)[O-],EN300-52519291
4668,Cc1nn(CCC(=O)O)c(C)c1N,EN300-52521038
4669,CC(C)(C(=O)O)[C@@H]1C[C@H]1N,EN300-52546984
4670,N[C@H]1C=C[C@H](C(=O)O)C1,EN300-52813612
4671,N[C@H](CCc1cncnc1)C(=O)O,EN300-52851261
4672,Nc1cn(-c2ccccc2)nc1C(=O)O,EN300-7359151
4673,Nc1cc(OCC(=O)O)ccc1Cl,EN300-52852841
4674,Cn1ncc2c(N)nc(C(=O)[O-])nc21,EN300-52852863
4675,Nc1cccc(C(F)(F)F)c1C(=O)O,EN300-7381591
4676,Nc1cccc2c(C(=O)O)n[nH]c12,EN300-52901414
4677,Nc1nc2c([nH]1)CCC(C(=O)O)C2,EN300-52945876
4678,NC12CC(c3ccc(C(=O)O)cc3)(C1)C2,EN300-52953963
4679,Nc1cccc(OCC(=O)O)c1F,EN300-52853049
4680,Nc1cccc2[nH]nc(C(=O)O)c12,EN300-52960656
4681,Cc1c(N)c(OCC(=O)O)nn1C,EN300-52855583
4682,NC1CCOc2ncc(C(=O)O)cc21,EN300-52512496
4683,Cc1cc(C(=O)O)cc(C)c1CN,EN300-52776309
4684,CCSCCCC(N)C(=O)O,EN300-52776361
4685,COc1c(N)ncnc1C(=O)O,EN300-52803715
4686,COc1nc(N)c([N+](=O)[O-])cc1C(=O)O,EN300-37096305
4687,CC(C)SCC[C@H](N)C(=O)O,EN300-52768786
4688,CC1(C(=O)O)CC2(CC(N)C2)C1,EN300-52763192
4689,Cn1ccc2nc(C(=O)[O-])nc(N)c21,EN300-52765380
4690,N[C@H]1C[C@@]2(C(=O)O)CC[C@@H]1C2,EN300-52764202
4691,Cc1cc(N)c(C(=O)O)cn1,EN300-112556
4692,NC(CCn1cc(Br)cn1)C(=O)O,EN300-52899068
4693,N[C@@H](CC1CC(F)C1)C(=O)O,EN300-51878963
4694,NC(CC1COCCO1)C(=O)O,EN300-52954823
4695,Nc1cc(Cl)c(F)cc1C(=O)O,EN300-225622
4696,COCC(C)[C@@H](N)CC(=O)O,EN300-52957360
4697,Nc1cccc2[nH]nc(C(=O)O)c12,EN300-52965070
4698,N[C@H](C(=O)O)C(F)F,EN300-46557529
4699,NC1(CCC(=O)O)CC1,EN300-22847365
4700,Nc1ccc(OCC(=O)O)cc1C(F)(F)F,EN300-52947041
4701,CSc1cccc(C(N)C(=O)O)c1,EN300-52949266
4702,COc1ccc(N)c(C(=O)O)c1OC,EN300-10007764
4703,Nc1c(C(=O)O)nnc2c(-c3ccc(F)cc3)cnn12,EN300-51691879
4717,Nc1c(Cl)ncnc1NCC(=O)O,EN300-267927
4735,Nc1nc(Cl)nc(NCC(=O)O)n1,EN300-19572014
4755,N[C@@H](CCCNC(=O)OCc1ccccc1)C(=O)O,EN300-252682
4763,N[C@@H](Cc1ccc(NC(=O)OCc2ccccc2)cc1)C(=O)O,EN300-26862342
4765,CC1(C)OB(c2cc(N)cc(C(=O)O)c2)OC1(C)C,EN300-7392876
4766,N[C@H](Cc1ccc(NC(=O)OCc2ccccc2)cc1)C(=O)O,EN300-26673431
4773,NC(CC1CCN(C(=O)OCc2ccccc2)CC1)C(=O)O,EN300-7352645
4784,CC1(C)OB(c2ccc(C(=O)O)cc2N)OC1(C)C,EN300-6762907
4785,N[C@@H](Cc1ccc2c(c1)COB2O)C(=O)O,EN300-45157703
4787,NC(Cc1cccc(B(O)O)c1)C(=O)O,EN300-45648410
4789,NC(CB(O)O)C(=O)O,EN300-6737799
4793,NC(CCB(O)O)C(=O)O,EN300-26928334
4796,N[C@@H](Cc1ccc(B(O)O)cc1F)C(=O)O,EN300-6486504
4805,NC[C@@H](NC(=O)OCc1ccccc1)C(=O)O,EN300-7363311
4806,NC[C@H](NC(=O)OCc1ccccc1)C(=O)O,EN300-1700674
4810,N[C@H]1C[C@@H](C(=O)O)N(C(=O)OCc2ccccc2)C1,EN300-6478171
4957,NC1=NCCCC1C(=O)O,EN300-264525
5065,NC1=NCC(C(=O)O)CC1,EN300-257068
5094,NC1=NC(=O)C(CC(=O)O)S1,EN300-10369
5135,NC(=O)NC(C(=O)O)c1ccc(O)cc1,EN300-1688981
5172,NC1=NC(C(=O)O)CC1,EN300-134276
5251,NC1=NCC(C(=O)O)CN1,EN300-258699
5275,NC1=NCCN1CC(=O)O,EN300-7422282
5302,CN(C)/C(N)=N/CCCC(=O)O,EN300-6490771
5324,CCC(CC)O[C@@H]1C=C(C(=O)O)C[C@H](N)[C@H]1NC(C)=O,EN300-122367
5325,NCCOP(=O)([O-])OCC(=O)O,EN300-177048
5326,CC(C)(C)OC(=O)N1CC(CCN)CC1C(=O)O,EN300-183698
5327,NCCCNCCCC(=O)O,EN300-198220
5328,C[C@@](N)(CS)C(=O)O,EN300-106795
5329,CC(C)(C)OC(=O)NC(CCCCCN)C(=O)O,EN300-260785
5330,CC(C)(C)OC(=O)NC(C)(C(=O)O)c1cccc(N)c1,EN300-399834
5331,CC(C)(C)OC(=O)N1CCC(CCN)(C(=O)O)CC1,EN300-1142705
5332,NC1(C(=O)O)C[C@H]2CNC[C@H]2C1,EN300-1725281
5333,COC(=O)[C@H](F)C[C@H](N)C(=O)O,EN300-25990979
5334,COC(=O)C1(N)CC(C(=O)O)C1,EN300-1725241
5335,CP(=O)(O)CCC(N)C(=O)O,EN300-7466514
5336,COC(=O)[C@]1(N)C[C@@H](C(=O)O)C1,EN300-6477264
5337,COC(=O)[C@@H](F)C[C@H](N)C(=O)O,EN300-7544001
5338,CC(C)(C)OC(=O)N1C[C@@H](N)C[C@@H]1C(=O)O,EN300-189909
5339,CC(C)(C)OC(=O)N1CCC2(CC1)OC1(CN)CC2(C(=O)[O-])C1,EN300-6487198
5340,CC(C)(C)OC(=O)N1CC[C@H](N)C[C@H]1C(=O)[O-],EN300-26983369
5341,NC(Cc1ccnc(S)c1)C(=O)O,EN300-6499846
5342,COC(=O)[C@H](N)CCC[C@H](NC(=O)OC(C)(C)C)C(=O)O,EN300-28249933
5343,NC(Cc1cncc(S)c1)C(=O)O,EN300-7425413
5344,CC(C)(C)OC(=O)N1C[C@H](N)C[C@@H]1C(=O)O,EN300-91229
5345,NC(Cc1cc(=O)[nH]c(S)n1)C(=O)O,EN300-7356571
5346,CC(C)(C)OC(=O)N(CCN)CC(=O)[O-],EN300-37440656
5347,CC(C)(C)OC(=O)N[C@@H](CCN)C(=O)O,EN300-195149
5348,NCCOc1ccc(Cl)c(C(=O)[O-])c1,EN300-7471137
5349,CP(=O)(O)CC(N)C(=O)O,EN300-26861225
5350,CC(C)(C)OC(=O)N1CC2(C1)OC1(CN)CC2(C(=O)[O-])C1,EN300-2007918
5351,CC(CP(=O)(O)CCCN)C(=O)O,EN300-26667096
5352,CC(C)(C)OC(=O)N1C[C@H](N)C[C@H]1C(=O)O,EN300-144977
5353,CC(C)(C)OC(=O)N[C@H](CN)C(=O)O,EN300-1081939
5354,CC(C)(C)OC(=O)N[C@@H](CN)C(=O)O,EN300-246237
5355,CC(C)(C)OC(=O)NC(CN)C(=O)O,EN300-246445
5356,C[C@](N)(CS)C(=O)O,EN300-7605384
5357,C[C@@H](N)[C@H](NC(=O)OC(C)(C)C)C(=O)O,EN300-1719249
5358,CC(C)(C)OC(=O)N1CCC(N)C(CC(=O)[O-])C1,EN300-27780203
5359,N[C@@H](Cc1ccc(OP(=O)(O)O)cc1)C(=O)O,EN300-7366217
5360,CC(C)(C)OC(=O)[C@](C)(N)CCC(=O)O,EN300-28273733
5361,N[C@@H](CCOP(=O)(O)O)C(=O)O,EN300-28269035
5362,COC(=O)CC[C@@H](N)CC(=O)O,EN300-6490955
5363,CC(C)(C)OC(=O)N[C@@H](Cc1ccc(N)cc1)C(=O)O,EN300-6497686
5364,NC1(C(=O)O)CC2(CNC2)C1,EN300-88777
5365,C[C@H](N)[C@H](NC(=O)OC(C)(C)C)C(=O)O,EN300-1719241
5366,CC(C)(C)OC(=O)N[C@@H](CCCN)C(=O)O,EN300-268561
5367,CC(N)(CS)C(=O)O,EN300-297609
5368,CC(C)(C)OC(=O)N1CC[C@H](N)[C@H]1C(=O)O,EN300-1589089
5369,CC(C)(C)OC(=O)N[C@H](CCN)C(=O)O,EN300-1717213
5370,CC(C)(C)OC(=O)N1CC2(C(=O)O)CC1(CN)C2,EN300-46982040
5371,CC(C)(C)OC(=O)N1CC2(N)CCC1(C(=O)O)C2,EN300-47325105
5372,N[C@@H](CC[PH](=O)O)C(=O)O,EN300-33041328
5373,NOC1(CC(=O)O)CNC1,EN300-633481
5374,CC(C)(C)OC(=O)N1Cc2nn(CC(=O)[O-])c(N)c2C1,EN300-46898867
5375,N[C@H](Cc1c[nH]c(S)n1)C(=O)O,EN300-7811321
5376,N[C@@H](Cc1c[nH]c(S)n1)C(=O)O,EN300-7375424
5377,CC(C)(C)OC(=O)CC[C@@](C)(N)C(=O)O,EN300-9433422
5378,CC(C)(C)OC(=O)N[C@@H]1C[C@H](C(=O)O)C[C@H]1N,EN300-51663987
5379,CC(C)(C)OC(=O)N1C[C@@H](N)C[C@H]1C(=O)O,EN300-82613
5380,COC(=O)c1ncoc1C[C@H](N)C(=O)O,EN300-28247805
5381,NC1(C(=O)O)C[C@H]2CNC[C@H]2C1,EN300-52516713
5382,CC(C)(C)OC(=O)N1C[C@@H]2C[C@@](N)(C(=O)O)C[C@@H]2C1,EN300-52518586
5383,CC(C)(C)OC(=O)N1C(C(=O)O)[C@H]2C[C@]1(CN)C2,EN300-52281447
5385,NC(CCP(=O)(O)O)C(=O)O,EN300-7901088
5386,NNc1ccccc1C(=O)O,EN300-08025
5388,CC(C)(C)Nc1cc(C(=O)O)c(N)cc1F,EN300-81584
5389,NNC(=O)Nc1ccc(C(=O)O)cc1,EN300-91933
5390,Nc1cc(C(=O)O)ccc1NCCCN1CCOCC1,EN300-71596
5392,NNc1c(Cl)cc(C(=O)O)cc1Cl,EN300-125151
5393,NNc1ccc(C(=O)O)c(Cl)c1,EN300-130783
5394,NNc1ccc(C(=O)O)cc1,EN300-17558
5395,Nc1ccc(NCCc2cccnc2)c(C(=O)O)c1,EN300-156946
5397,CNc1ccc(C(=O)O)cc1N,EN300-188583
5398,CNc1ccc(C(=O)O)cc1N,EN300-146275
5400,NNc1ccc(Cl)c(C(=O)O)c1,EN300-03551
5401,NNc1cccc(C(=O)O)c1F,EN300-246647
5402,NNc1ccc(F)c(C(=O)O)c1,EN300-245899
5403,Nc1nc(O)c2nc(CNc3ccc(C(=O)O)cc3)cnc2n1,EN300-109015
5405,NNC(=O)c1cccc(C(=O)O)c1,EN300-70672
5406,NNC(=O)c1ccc(C(=O)O)cc1,EN300-342405
5407,NNc1cc(C(=O)O)ccc1Cl,EN300-08053
5409,CNc1c(N)cccc1C(=O)O,EN300-736694
5410,CNc1c(N)cccc1C(=O)O,EN300-749111
5412,CN(C(=N)N)c1ccc(C(=O)O)cc1,EN300-1270270
5415,NNc1cccc(C(=O)O)c1,EN300-03547
5417,CC(NN)c1ccc(C(=O)O)cc1,EN300-6720397
5418,NNCc1cccc(C(=O)O)c1,EN300-6730490
5419,NCCNc1ccc(C(=O)O)cc1[N+](=O)[O-],EN300-6743387
5422,NCCNc1cccc(C(=O)O)c1,EN300-7447582
5423,CC(CN)Nc1cccc(C(=O)O)c1,EN300-7456095
5424,Cc1ccc(C(=O)O)c(NN)c1,EN300-7459427
5426,NNc1ccc(Br)c(C(=O)O)c1,EN300-7549876
5429,NNc1ccc(C(=O)O)cc1Cl,EN300-37465922
5431,Cn1ccnc1CNc1cc(C(=O)O)ccc1N,EN300-24059281
5432,NNc1ccc(C(=O)O)c(F)c1,EN300-244126
5433,CC(N)CNc1ccc(Cl)c(C(=O)O)c1,EN300-7444899
5436,NNc1cc(C(=O)O)ccc1Cl,EN300-33987
5437,COc1ccc(NN)cc1C(=O)O,EN300-256102
5440,COc1cc(C(=O)O)ccc1NN,EN300-118655
5441,NNc1ccc(C(=O)O)cc1,EN300-29988
5443,NNc1cc(Br)cc(C(=O)O)c1,EN300-45167666
5444,COc1ccc(NN)c(C(=O)O)c1,EN300-46621616
5446,COc1ccc(NN)cc1C(=O)O,EN300-260454
5447,NCCNc1ccc([N+](=O)[O-])cc1C(=O)O,EN300-6743105
5451,NNCc1ccc(C(=O)O)cc1,EN300-6730935
5452,NCCNc1ccc(Cl)c(C(=O)O)c1,EN300-7461719
5455,Cc1ccc(C(=O)O)cc1NN,EN300-7362538
5456,Cc1cc(NN)cc(C(=O)O)c1,EN300-52749049
5457,COc1ccc(C(=O)O)c(NN)c1,EN300-219092
5458,NNc1ccc(C(=O)O)cc1F,EN300-245242
5459,NNc1ccc(C(=O)O)cc1F,EN300-52603682
5462,Cc1c(NN)cccc1C(=O)O,EN300-263773
5464,NNc1cc(F)ccc1C(=O)O,EN300-24195878
5465,NNc1cc(Cl)cc(C(=O)O)c1,EN300-52546727
5466,N=C(N)c1cccc(C(=O)O)c1,EN300-8162314
5467,N[C@@H](CS)C(=O)O,EN300-52823
5468,NC(CS)C(=O)O,EN300-18222
5469,N[C@@H](CS)C(=O)O,EN300-219524
5470,NC(CS)C(=O)O,EN300-30057
5471,NC(CS)C(=O)O,EN300-30056
5472,Nc1ccc(C(=O)O)c(S)c1,EN300-1709591
5473,NC(Cc1ccc(S)cc1)C(=O)O,EN300-2009374
5474,NNc1ccc(C(=O)O)c(S)c1,EN300-6482171
5475,CC(C)(S)C(N)C(=O)O,EN300-25364
5476,N[C@H](CS)C(=O)O,EN300-70480
5477,CC(C)(S)[C@@H](N)C(=O)O,EN300-52608
5478,NC(Cc1cccc(S)c1)C(=O)O,EN300-1720656
5479,CC(C)(S)[C@H](N)C(=O)O,EN300-34663
5480,N=C(N)NC(CS)C(=O)O,EN300-253496
5481,Cn1cc(S(N)(=O)=O)cc1C(=O)C(=O)O,EN300-205442
5482,Nc1ccc(C(=O)O)cc1S,EN300-102436
5483,Nc1c(S)cccc1C(=O)O,EN300-6779119
5484,N[C@@H](CS)C(=O)N[C@@H](CO)C(=O)O,EN300-26981396
5485,C[C@H](S)[C@H](N)C(=O)O,EN300-25386273
5486,NC(=O)N[C@@H](CS)C(=O)O,EN300-7057349
5487,Nc1c(C(=O)O)cc(Br)c2c1C(=O)c1ccccc1C2=O,EN300-26961
5488,Nn1c(SCC(=O)O)nnc1C1CCCCC1,EN300-06392
5489,Nn1c(Cc2ccccc2)nnc1SCC(=O)O,EN300-111068
5490,Nc1cc(S(=O)(=O)O)cc(C(=O)O)c1O,EN300-114486
5491,Cc1occc1-c1nnc(SCC(=O)O)n1N,EN300-12050
5492,CCOC(=O)c1cnn(-c2ccc(C(=O)O)cc2)c1N,EN300-111000
5493,Nn1c(SCC(=O)O)nnc1-c1ccc(C(F)(F)F)cc1,EN300-112199
5494,Nc1ccc(C(=O)CCC(=O)O)cc1,EN300-97000
5495,NOCCCC(=O)O,EN300-123115
5496,COc1ccc(-c2nnc(SCC(=O)O)n2N)cc1,EN300-121563
5497,NNc1ccc(C(=O)O)cn1,EN300-122217
5498,NOCCCCCC(=O)O,EN300-122962
5499,CC(=O)OCC1=C(C(=O)O)N2C(=O)[C@@H](N)[C@H]2SC1,EN300-130700
5500,NC1(CC(=O)O)CCNCC1,EN300-129367
5501,NNCC(=O)O,EN300-131120
5502,CC(C)(C)OC(=O)NCC1CCC(N)(C(=O)O)C1,EN300-183697
5503,COC(=O)c1ccc(C(=O)O)cc1N,EN300-115583
5504,CNc1nccc(C(=O)O)c1N,EN300-209646
5505,NNc1ccc(CCC(=O)O)cc1,EN300-235220
5506,Cn1cc(C(=O)O)c(C(=O)NN)n1,EN300-232082
5507,NNc1ccc(C(=O)O)cn1,EN300-60835
5508,CC(C)(C)C(=O)CC(N)C(=O)O,EN300-114660
5509,Nc1nc(C(=O)C(=O)[O-])cs1,EN300-122321
5510,Nc1ccc(C(=O)C(=O)O)cc1,EN300-2515425
5511,CNc1ncc(N)cc1C(=O)O,EN300-4330321
5512,NC1(C(=O)O)CCNCC1,EN300-245341
5513,CC1(CC(=O)OC[C@H](N)C(=O)O)OCCO1,EN300-37374455
5514,CC(NCC(N)C(=O)O)c1ccccc1,EN300-302037
5515,COC(=O)c1cccc([C@@H](N)CC(=O)O)c1,EN300-345160
5516,CC(C)(C)OC(=O)N1CC(N)(C(=O)O)C1,EN300-399541
5517,Nc1ccc(C2(C(=O)O)CC2(Cl)Cl)cc1,EN300-673483
5518,COC(=O)c1ccc(C(=O)O)c(N)c1,EN300-214181
5519,NCC(=O)CCCC(=O)O,EN300-736550
5520,CC(C)(C)OC(=O)N1CC(N)C(C(=O)O)C1,EN300-746283
5521,N[C@@H](Cc1ccc(O)c(C=O)c1)C(=O)O,EN300-755113
5522,CCn1cc(C(=O)O)c(=O)c2c(N)c(F)c(NC3CCCCC3)cc21,EN300-260111
5523,NC1(C(=O)O)CCNC1,EN300-187134
5524,NC(=O)CC1(C(=O)O)CCCCC1=O,EN300-172923
5525,NCC(=O)CCC(=O)O,EN300-748883
5526,CC(C)(C)OC(=O)N1CC(N)(CC(=O)O)C1,EN300-816595
5527,CC(C)(C)OC(=O)N1C2CCC1CC(N)(CC(=O)O)C2,EN300-1287216
5528,CC(=O)c1cccc(S(=O)(=O)NC(CC(N)=O)C(=O)O)c1,EN300-71423
5529,CNC[C@H](N)C(=O)O,EN300-19325234
5530,NC[C@H](NC(=O)OCC1c2ccccc2-c2ccccc21)C(=O)O,EN300-96308
5531,Nc1c(C(=O)c2ccccc2)sc2[nH]c(=O)c(C(=O)O)cc12,EN300-49885
5532,Nc1c(C(=O)O)ccc2c1C(=O)c1ccccc1C2=O,EN300-08029
5533,CCOC(=O)c1cnc(SCC(=O)O)nc1N,EN300-11576
5534,NNc1ccc(C(=O)O)nc1,EN300-1589105
5535,NCC[C@H](NC(=O)OCC1c2ccccc2-c2ccccc21)C(=O)O,EN300-1556311
5536,CC(C)(C)OC(=O)NCCC[C@H](N)C(=O)O,EN300-370862
5537,CC(C)(C)OC(=O)NC[C@@H](N)C(=O)O,EN300-6935661
5538,CC(C)(CC(=O)O)CC(=O)CN,EN300-7493429
5539,N=C(NCCC[C@@H](N)C(=O)O)N[N+](=O)[O-],EN300-7374549
5540,CC(C)(C)OC(=O)NC[C@H](N)C(=O)O,EN300-146124
5541,COC(=O)c1cnc(C(=O)O)c(N)c1,EN300-28315597
5542,COC(=O)c1sc(C(=O)O)cc1N,EN300-6478014
5543,Nc1ccc2c(c1)CC(C(=O)O)N2,EN300-6480197
5544,CC(C)(NN)C(=O)O,EN300-7606184
5545,N[C@H]1CNC[C@@H]1C(=O)O,EN300-26619642
5546,CC(C)(C)OC(=O)N1CC(CN)(C(=O)O)C1,EN300-219815
5547,CC(C)(C)OC(=O)N1CCc2c(sc(N)c2C(=O)O)C1,EN300-143746
5548,C[C@@H](N)[C@@H](NC(=O)OCC1c2ccccc2-c2ccccc21)C(=O)O,EN300-26975820
5549,CC(C)(C)OC(=O)N1CCC(N)(C(=O)O)C1,EN300-187133
5550,N[C@H]1CN[C@H](C(=O)O)C1,EN300-6493182
5551,CC(C)(C)OC(=O)Nc1cc(N)ccc1C(=O)O,EN300-3071985
5552,NNc1ncc(Cl)c(C(=O)O)c1Cl,EN300-46902937
5553,Nc1nc(CCC(=O)O)nc(Nc2ccccc2)n1,EN300-15136
5554,CC(C)(C)OC(=O)N1CCC(N)(CC(=O)O)CC1,EN300-6504328
5555,N[C@@H](CCCCl)C(=O)O,EN300-37148776
5556,C[C@@](Cc1ccc(O)c(O)c1)(NN)C(=O)O,EN300-6733817
5557,CC(C)(C)OC(=O)N1CC[C@@H](N)[C@@H](C(=O)O)C1,EN300-761030
5558,CC(C)(C)OC(=O)N1C[C@@H](N)[C@@H](C(=O)O)C1,EN300-6512656
5559,NC(CCl)C(=O)O,EN300-6759288
5560,CC(C)(C)OC(=O)N1CCC(C(N)C(=O)O)C1,EN300-3225571
5561,NC(CNCCCCCO)C(=O)O,EN300-7441551
5562,CC(C)(C)OC(=O)N1CCc2c(cnc(N)c2C(=O)O)C1,EN300-726401
5563,NCc1noc(CC(=O)[O-])n1,EN300-7445618
5564,CC(C)(C)OC(=O)NCc1nc(C(=O)O)c(N)s1,EN300-2009596
5565,CCC(NN)C(=O)O,EN300-220200
5566,Nc1nc(NCCC(=O)O)c2nc[nH]c2n1,EN300-186656
5567,CC(C)(C)OC(=O)N1CCCC(C(N)C(=O)O)C1,EN300-1877655
5568,NC1(C(=O)O)CNC1,EN300-1604966
5569,COC(=O)c1ccc(C(=O)O)c(N)n1,EN300-366117
5570,CC(CCNC(=O)OC(C)(C)C)C(N)C(=O)O,EN300-7124821
5571,NC(CCCl)C(=O)O,EN300-7615367
5572,Nn1c(SCC(=O)O)nnc1-c1ccccc1,EN300-111069
5573,CC(=O)OCC[C@H](N)C(=O)O,EN300-7708736
5574,COC(=O)c1ccc(N)c(C(=O)O)c1,EN300-133966
5575,CCOC(=O)c1cc(C#N)c(SCC(=O)O)nc1N,EN300-12227
5576,Nn1c(SCC(=O)O)nnc1C(F)(F)F,EN300-83747
5577,Cc1ccc2oc(-c3nnc(SCC(=O)O)n3N)cc2c1,EN300-99580
5578,CC(=O)CCC(N)C(=O)O,EN300-109927
5579,CC(C)(C)c1ccc(-c2nnc(SCC(=O)O)n2N)cc1,EN300-111066
5580,NCCNCCC(=O)O,EN300-112637
5581,CC(C)(C)OC(=O)N1CCC(N)(CC(=O)O)C1,EN300-1286017
5582,CC(C)(C)OC(=O)N1CCC(CC(N)C(=O)O)CC1,EN300-1878569
5583,CC(C)(Cl)CC(N)C(=O)O,EN300-263757
5584,CC(C)[C@H](N)C(=O)N[C@H](C(=O)[O-])C(C)C,EN300-719489
5585,CC(C)(C)OC(=O)NCC(CN)C(=O)O,EN300-1878241
5586,CC(CC(=O)O)NN,EN300-177808
5587,NC(CNCc1ccccc1)C(=O)O,EN300-190558
5588,CNC(CN)C(=O)O,EN300-196787
5589,CCCc1nnc(SCC(=O)O)n1N,EN300-215842
5590,COc1ccccc1-c1nnc(SCC(=O)O)n1N,EN300-06163
5591,COC(=O)c1cc(N)cc(C(=O)O)c1,EN300-179245
5592,CCC(=O)CC(N)C(=O)O,EN300-126057
5593,NNc1ccc(CC(=O)O)cc1,EN300-266973
5594,CC(=O)c1ccc(C(N)CC(=O)O)cc1,EN300-313606
5595,CCn1cc(C(=O)O)c(=O)c2c(N)c(F)c(NC3CCCCC3)cc21,EN300-95548
5596,COC(=O)c1ccc(C(CN)CC(=O)O)cc1,EN300-45268224
5597,NCCN(CC(=O)O)C(=O)OCC1c2ccccc2-c2ccccc21,EN300-6487732
5598,COC(=O)C[C@@H](N)CC(=O)O,EN300-6490141
5599,NCCNCC(=O)O,EN300-1724224
5600,NC1(C(=O)O)CCNC1,EN300-171552
5601,Nc1ccccc1C(=O)CCC(=O)O,EN300-27101785
5602,N[C@@H](CC1CCNCC1)C(=O)O,EN300-18992757
5603,NNC1(C(=O)O)CCOCC1,EN300-27160209
5604,CC(C)(C)OC(=O)N1CCCC(N)(C(=O)O)CC1,EN300-1719826
5605,Nc1ccccc1C(=O)CCCC(=O)O,EN300-27150016
5606,NNC(=O)[C@H]1CC[C@H](C(=O)O)CC1,EN300-37440932
5607,Cc1nc(C(C)N)sc1C(=O)[O-],EN300-7549246
5608,Nc1nc(C(=NO)C(=O)O)cs1,EN300-209394
5609,CC(NC(=O)OC(C)(C)C)c1nc(C(=O)O)c(N)s1,EN300-2009123
5610,CCOC(=O)c1cnn(-c2cccc(C(=O)O)c2)c1N,EN300-7445036
5611,C[C@@H](Br)[C@H](N)C(=O)O,EN300-7622493
5612,CC(C)(C)OC(=O)CCC[C@@H](N)C(=O)O,EN300-27729176
5613,COC(=O)c1snc(C(=O)O)c1N,EN300-6745380
5614,CC(C)(C)OC(=O)N1CCC(C(N)C(=O)[O-])CC1,EN300-27722326
5615,N[C@@H](CBr)C(=O)O,EN300-27750457
5616,CNc1nc(C(=O)O)ccc1N,EN300-151674
5617,N[C@@H](CNc1ccccc1)C(=O)O,EN300-27755247
5618,N[C@H](CBr)C(=O)O,EN300-27750468
5619,NNC1(C(=O)O)CCCCC1,EN300-27691927
5620,NN1CCC[C@H]1C(=O)O,EN300-6966113
5621,CC(C(=O)OC(C)(C)C)C(N)C(=O)O,EN300-8794951
5622,NN1CCC[C@@H]1C(=O)O,EN300-7308454
5623,CC(C)(C)OC(=O)NOCCC[C@H](N)C(=O)O,EN300-28278244
5624,NC1CCCNC1C(=O)O,EN300-6759459
5625,NN1CCCC(C(=O)O)C1,EN300-28312676
5626,N[C@@H](CC1CCCCN1)C(=O)O,EN300-28234209
5627,N[C@@H]1CCN[C@@H](C(=O)O)C1,EN300-28270654
5628,C[C@@](Cc1cc(O)c(O)cc1Br)(NN)C(=O)O,EN300-7537746
5629,CNc1ncc(C(=O)O)cc1N,EN300-36600373
5630,CC(C)(C)OC(=O)NCc1ccc(N)c(C(=O)O)c1,EN300-26981433
5631,N[C@@H](CC1CNc2ccccc21)C(=O)O,EN300-28320951
5632,NCC(CNC(=O)OCC1c2ccccc2-c2ccccc21)C(=O)O,EN300-28330590
5633,CC(=O)c1cccc(C[C@H](N)C(=O)O)c1,EN300-10860675
5634,NC(CS(=O)(=O)O)C(=O)O,EN300-717791
5635,COC(=O)c1c(N)nc2n1CC(C(=O)O)CC2,EN300-1129433
5636,NC(CCS(=O)(=O)O)C(=O)O,EN300-1699388
5637,NCCCNC(=O)NCC(=O)[O-],EN300-39847989
5638,CC(C)(C)OC(=O)NCC(N)C(=O)O,EN300-190656
5639,Nc1ccc(C(=O)O)cc1C=O,EN300-197850
5640,CN(C(=O)OC(C)(C)C)c1ccc(C(=O)O)cc1N,EN300-3288795
5641,NNC(=O)CCCC(=O)O,EN300-7711741
5642,COC(=O)c1cc(N)ccc1C(=O)O,EN300-8582823
5643,NNC1(C(=O)O)CCC1,EN300-27151570
5645,CC(C)(C)OC(=O)N1CCC(N)(C(=O)O)CC1,EN300-184105
5646,CC(C)(C)OC(=O)N1CCC(CN)(C(=O)O)CC1,EN300-257499
5647,COC(=O)c1cnc(N)c(C(=O)O)c1,EN300-8846358
5648,CC(C)(C)OC(=O)NCc1cc(N)cc(C(=O)O)c1,EN300-37454281
5649,CC(C)(C)OC(=O)NCCCCCCC[C@H](N)C(=O)O,EN300-32303692
5650,CC(C)(C)OC(=O)N1C[C@@H](c2ccccc2)[C@@](N)(C(=O)[O-])C1,EN300-45653949
5651,COC(=O)c1cnc(N)c(C(=O)O)n1,EN300-28704367
5652,COC(=O)[C@@H]1C[C@]1(C(=O)O)c1ccc(N)cc1,EN300-45487954
5653,COc1ccccc1C(=O)CC(N)C(=O)O,EN300-18773522
5654,NNc1cccc(C(=O)O)n1,EN300-46559543
5655,CC(C)(C)OC(=O)[C@@](C)(N)CC(=O)O,EN300-23628612
5656,Nn1ccnc1C(=O)[O-],EN300-46777200
5657,NNC(=O)CCCCCC(=O)[O-],EN300-46479223
5658,N[C@@H](CC(=O)c1ccccc1)C(=O)O,EN300-10004423
5659,NC(CC(=O)c1cccs1)C(=O)O,EN300-114734
5660,CC(C)(C)OC(=O)N1CC2(C(=O)[O-])CCC1(CN)C2,EN300-46825805
5661,NC1(C(=O)O)CC(=O)C1,EN300-27103391
5662,N[C@@H](CCCCNC(=O)[C@@H]1CSCN1)C(=O)O,EN300-46869782
5663,CC(C)(C)OC(=O)N1CC(N)CC(C(=O)O)C1,EN300-47307944
5664,NOCc1ccc(C(=O)O)cc1,EN300-7354002
5665,Nc1c(C=O)cnc2c(C(=O)O)cnn12,EN300-47315461
5666,Nc1c2c(nn1CC(=O)O)CNC2,EN300-46894947
5667,NCCCCNCCC(=O)O,EN300-47333434
5668,CC(=O)c1snc(C(=O)O)c1N,EN300-149585
5669,CC(C)(C)OC(=O)N1CCCC(N)(C(=O)O)C1,EN300-187137
5670,Nc1nc(O)c(NC=O)c(NCCCC(=O)O)n1,EN300-46794134
5671,CC(C)(C)OC(=O)N1CCC2(CC1)CC(N)(C(=O)O)C2,EN300-51763563
5672,CC(C)(C)OC(=O)N1CC(CCC(N)C(=O)[O-])C1,EN300-51566353
5673,CC(C)(C)OC(=O)N1C[C@@]2(N)CCC[C@@]2(C(=O)O)C1,EN300-51662518
5674,COC(=O)C(C)(C)[C@@H](N)C(=O)O,EN300-51862517
5675,CC(C)(C)OC(=O)N1CC(CC(N)C(=O)[O-])C1,EN300-52006011
5676,COC(=O)C1([C@H](N)C(=O)O)CC1,EN300-52001104
5677,COC(=O)C(C)(C)[C@H](N)C(=O)O,EN300-51868420
5678,COC(=O)C1([C@@H](N)C(=O)O)CC1,EN300-52001102
5679,NC(C(=O)O)C(Cl)(Cl)Cl,EN300-52102834
5680,CC(C)(C)OC(=O)N1CCC(CCC(N)C(=O)[O-])CC1,EN300-52117835
5681,Nc1cccc(C2CCCC(C(=O)O)N2)c1,EN300-39671326
5682,CC(=O)C[C@H](N)C(=O)O,EN300-23311982
5683,NNC(=O)c1cccc(CC(=O)O)c1,EN300-39913261
5684,Cc1c(C(=O)[O-])cc(CN)n1C,EN300-28315287
5685,CC(=O)CC(N)C(=O)O,EN300-117761
5686,CC(C)(C)OC(=O)NCCc1nc(C(=O)O)c(N)s1,EN300-6491269
5687,NNc1ccc(C(=O)O)nc1,EN300-243631
5688,N[C@@H](CNC(=O)OCC1c2ccccc2-c2ccccc21)C(=O)O,EN300-719583
5689,CN[C@H](CCCN)C(=O)O,EN300-27166191
5690,CC(C)(C)OC(=O)N1CCC(N)C(C(=O)O)C1,EN300-343186
5691,CC(C)(C)OC(=O)N1C[C@H](N)CC[C@@H](C(=O)O)C1,EN300-37339578
5692,COC(=O)c1cccc(C(=O)O)c1N,EN300-197856
5693,COC(=O)CSCC(N)C(=O)O,EN300-126490
5695,NC(CCC(=O)c1ccccc1)C(=O)O,EN300-187355
5696,NCC(CC(=O)O)NC(=O)OCC1c2ccccc2-c2ccccc21,EN300-28253075
5697,Nc1ccc(NCCCC(=O)O)cc1,EN300-81682
5698,CC(C)(C)OC(=O)NC(CC(=O)O)c1ccc(N)cc1,EN300-4388284
5699,COC(=O)c1cccc(CC(N)C(=O)O)c1,EN300-33133493
5700,NC(CC(=O)c1ccccc1)C(=O)O,EN300-112603
5701,Nc1cccc(C(=O)CCC(=O)O)c1,EN300-102836
5702,CC(=O)c1ccc(S(=O)(=O)NC(CC(N)=O)C(=O)O)cc1,EN300-65126
5703,Nc1ncc(C(=O)O)cc1C=O,EN300-1428806
5704,NCC(=O)CCCCC(=O)O,EN300-7849543
5705,COC(=O)CCc1ccc(N)cc1C(=O)O,EN300-20929179
5706,CC(C)(C)OC(=O)N1CC(C(N)C(=O)O)C1,EN300-381051
5707,CC(C)(C)OC(=O)N1C[C@@H](N)C[C@@H](C(=O)O)C1,EN300-7448146
5708,CC(C)(C)OC(=O)NCCCC[C@H](CN)C(=O)O,EN300-43346847
5709,CC(C)(C)OC(=O)NCCCCC[C@H](N)C(=O)O,EN300-6501541
5710,CC(C)(C)OC(=O)N1C[C@H]2CC[C@@](N)(CC(=O)O)[C@H]2C1,EN300-52218490
5711,NNc1ccnc(C(=O)O)c1,EN300-275888
5712,C[C@H](NN)C(=O)O,EN300-7587663
5714,NC(CCC(=O)O)C(=O)c1c[nH]c2ccccc12,EN300-27717870
5715,CC(C)(C)OC(=O)NC1(C(N)C(=O)[O-])CCC1,EN300-52768459
